id,name,fips,id_state
0,Abbeville,45001.0,44
1,Acadia,22001.0,20
2,Accomack,51001.0,51
3,Ada,16001.0,14
4,Adair,21001.0,19
5,Adair,29001.0,27
6,Adair,40001.0,39
7,Adair,19001.0,17
8,Adams,18001.0,16
9,Adams,16003.0,14
10,Adams,31001.0,29
11,Adams,55001.0,54
12,Adams,8001.0,6
13,Adams,38001.0,36
14,Adams,42001.0,41
15,Adams,28001.0,26
16,Adams,17001.0,15
17,Adams,39001.0,38
18,Adams,53001.0,52
19,Adams,19003.0,17
20,Addison,50001.0,49
21,Adjuntas,72001.0,42
22,Aguada,72003.0,42
23,Aguadilla,72005.0,42
24,Aguas Buenas,72007.0,42
25,Aibonito,72009.0,42
26,Aiken,45003.0,44
27,Aitkin,27001.0,25
28,Alachua,12001.0,10
29,Alamance,37001.0,35
30,Alameda,6001.0,5
31,Alamosa,8003.0,6
32,Albany,36001.0,34
33,Albany,56001.0,55
34,Albemarle,51003.0,51
35,Alcona,26001.0,24
36,Alcorn,28003.0,26
37,Aleutians East Borough,2013.0,1
38,Aleutians West Census Area,2016.0,1
39,Alexander,37003.0,35
40,Alexander,17003.0,15
41,Alexandria city,51510.0,51
42,Alfalfa,40003.0,39
43,Alger,26003.0,24
44,Allamakee,19005.0,17
45,Allegan,26005.0,24
46,Allegany,24001.0,22
47,Allegany,36003.0,34
48,Alleghany,51005.0,51
49,Alleghany,37005.0,35
50,Allegheny,42003.0,41
51,Allen,20001.0,18
52,Allen,22003.0,20
53,Allen,39003.0,38
54,Allen,21003.0,19
55,Allen,18003.0,16
56,Allendale,45005.0,44
57,Alpena,26007.0,24
58,Alpine,6003.0,5
59,Amador,6005.0,5
60,Amelia,51007.0,51
61,Amherst,51009.0,51
62,Amite,28005.0,26
63,Anasco,72011.0,42
64,Anchorage,2020.0,1
65,Anderson,47001.0,46
66,Anderson,45007.0,44
67,Anderson,48001.0,47
68,Anderson,21005.0,19
69,Anderson,20003.0,18
70,Andrew,29003.0,27
71,Andrews,48003.0,47
72,Androscoggin,23001.0,21
73,Angelina,48005.0,47
74,Anne Arundel,24003.0,22
75,Anoka,27003.0,25
76,Anson,37007.0,35
77,Antelope,31003.0,29
78,Antrim,26009.0,24
79,Apache,4001.0,3
80,Appanoose,19007.0,17
81,Appling,13001.0,11
82,Appomattox,51011.0,51
83,Aransas,48007.0,47
84,Arapahoe,8005.0,6
85,Archer,48009.0,47
86,Archuleta,8007.0,6
87,Arecibo,72013.0,42
88,Arenac,26011.0,24
89,Arkansas,5001.0,4
90,Arlington,51013.0,51
91,Armstrong,42005.0,41
92,Armstrong,48011.0,47
93,Aroostook,23003.0,21
94,Arroyo,72015.0,42
95,Arthur,31005.0,29
96,Ascension,22005.0,20
97,Ashe,37009.0,35
98,Ashland,55003.0,54
99,Ashland,39005.0,38
100,Ashley,5003.0,4
101,Ashtabula,39007.0,38
102,Asotin,53003.0,52
103,Assumption,22007.0,20
104,Atascosa,48013.0,47
105,Atchison,20005.0,18
106,Atchison,29005.0,27
107,Athens,39009.0,38
108,Atkinson,13003.0,11
109,Atlantic,34001.0,32
110,Atoka,40005.0,39
111,Attala,28007.0,26
112,Audrain,29007.0,27
113,Audubon,19009.0,17
114,Auglaize,39011.0,38
115,Augusta,51015.0,51
116,Aurora,46003.0,45
117,Austin,48015.0,47
118,Autauga,1001.0,0
119,Avery,37011.0,35
120,Avoyelles,22009.0,20
121,Baca,8009.0,6
122,Bacon,13005.0,11
123,Bailey,48017.0,47
124,Baker,41001.0,40
125,Baker,13007.0,11
126,Baker,12003.0,10
127,Baldwin,1003.0,0
128,Baldwin,13009.0,11
129,Ballard,21007.0,19
130,Baltimore,24005.0,22
131,Baltimore city,24510.0,22
132,Bamberg,45009.0,44
133,Bandera,48019.0,47
134,Banks,13011.0,11
135,Banner,31007.0,29
136,Bannock,16005.0,14
137,Baraga,26013.0,24
138,Barber,20007.0,18
139,Barbour,54001.0,53
140,Barbour,1005.0,0
141,Barceloneta,72017.0,42
142,Barnes,38003.0,36
143,Barnstable,25001.0,23
144,Barnwell,45011.0,44
145,Barranquitas,72019.0,42
146,Barren,21009.0,19
147,Barron,55005.0,54
148,Barrow,13013.0,11
149,Barry,29009.0,27
150,Barry,26015.0,24
151,Bartholomew,18005.0,16
152,Barton,20009.0,18
153,Barton,29011.0,27
154,Bartow,13015.0,11
155,Bastrop,48021.0,47
156,Bates,29013.0,27
157,Bath,21011.0,19
158,Bath,51017.0,51
159,Baxter,5005.0,4
160,Bay,12005.0,10
161,Bay,26017.0,24
162,Bayamon,72021.0,42
163,Bayfield,55007.0,54
164,Baylor,48023.0,47
165,Beadle,46005.0,45
166,Bear Lake,16007.0,14
167,Beaufort,45013.0,44
168,Beaufort,37013.0,35
169,Beauregard,22011.0,20
170,Beaver,40007.0,39
171,Beaver,42007.0,41
172,Beaver,49001.0,48
173,Beaverhead,30001.0,28
174,Becker,27005.0,25
175,Beckham,40009.0,39
176,Bedford,47003.0,46
177,Bedford,51019.0,51
178,Bedford,42009.0,41
179,Bee,48025.0,47
180,Belknap,33001.0,31
181,Bell,21013.0,19
182,Bell,48027.0,47
183,Belmont,39013.0,38
184,Beltrami,27007.0,25
185,Ben Hill,13017.0,11
186,Benewah,16009.0,14
187,Bennett,46007.0,45
188,Bennington,50003.0,49
189,Benson,38005.0,36
190,Bent,8011.0,6
191,Benton,27009.0,25
192,Benton,18007.0,16
193,Benton,5007.0,4
194,Benton,28009.0,26
195,Benton,47005.0,46
196,Benton,41003.0,40
197,Benton,19011.0,17
198,Benton,53005.0,52
199,Benton,29015.0,27
200,Benzie,26019.0,24
201,Bergen,34003.0,32
202,Berkeley,45015.0,44
203,Berkeley,54003.0,53
204,Berks,42011.0,41
205,Berkshire,25003.0,23
206,Bernalillo,35001.0,33
207,Berrien,13019.0,11
208,Berrien,26021.0,24
209,Bertie,37015.0,35
210,Bethel Census Area,2050.0,1
211,Bexar,48029.0,47
212,Bibb,1007.0,0
213,Bibb,13021.0,11
214,Bienville,22013.0,20
215,Big Horn,30003.0,28
216,Big Horn,56003.0,55
217,Big Stone,27011.0,25
218,Billings,38007.0,36
219,Bingham,16011.0,14
220,Black Hawk,19013.0,17
221,Blackford,18009.0,16
222,Bladen,37017.0,35
223,Blaine,40011.0,39
224,Blaine,16013.0,14
225,Blaine,30005.0,28
226,Blaine,31009.0,29
227,Blair,42013.0,41
228,Blanco,48031.0,47
229,Bland,51021.0,51
230,Bleckley,13023.0,11
231,Bledsoe,47007.0,46
232,Blount,1009.0,0
233,Blount,47009.0,46
234,Blue Earth,27013.0,25
235,Boise,16015.0,14
236,Bolivar,28011.0,26
237,Bollinger,29017.0,27
238,Bon Homme,46009.0,45
239,Bond,17005.0,15
240,Bonner,16017.0,14
241,Bonneville,16019.0,14
242,Boone,18011.0,16
243,Boone,31011.0,29
244,Boone,5009.0,4
245,Boone,54005.0,53
246,Boone,17007.0,15
247,Boone,19015.0,17
248,Boone,21015.0,19
249,Boone,29019.0,27
250,Borden,48033.0,47
251,Bosque,48035.0,47
252,Bossier,22015.0,20
253,Botetourt,51023.0,51
254,Bottineau,38009.0,36
255,Boulder,8013.0,6
256,Boundary,16021.0,14
257,Bourbon,20011.0,18
258,Bourbon,21017.0,19
259,Bowie,48037.0,47
260,Bowman,38011.0,36
261,Box Butte,31013.0,29
262,Box Elder,49003.0,48
263,Boyd,31015.0,29
264,Boyd,21019.0,19
265,Boyle,21021.0,19
266,Bracken,21023.0,19
267,Bradford,12007.0,10
268,Bradford,42015.0,41
269,Bradley,5011.0,4
270,Bradley,47011.0,46
271,Branch,26023.0,24
272,Brantley,13025.0,11
273,Braxton,54007.0,53
274,Brazoria,48039.0,47
275,Brazos,48041.0,47
276,Breathitt,21025.0,19
277,Breckinridge,21027.0,19
278,Bremer,19017.0,17
279,Brevard,12009.0,10
280,Brewster,48043.0,47
281,Briscoe,48045.0,47
282,Bristol,44001.0,43
283,Bristol,25005.0,23
284,Bristol Bay plus Lake and Peninsula,2997.0,1
285,Bristol city,51520.0,51
286,Broadwater,30007.0,28
287,Brooke,54009.0,53
288,Brookings,46011.0,45
289,Brooks,13027.0,11
290,Brooks,48047.0,47
291,Broome,36007.0,34
292,Broomfield,8014.0,6
293,Broward,12011.0,10
294,Brown,18013.0,16
295,Brown,27015.0,25
296,Brown,55009.0,54
297,Brown,39015.0,38
298,Brown,46013.0,45
299,Brown,17009.0,15
300,Brown,48049.0,47
301,Brown,20013.0,18
302,Brown,31017.0,29
303,Brule,46015.0,45
304,Brunswick,37019.0,35
305,Brunswick,51025.0,51
306,Bryan,13029.0,11
307,Bryan,40013.0,39
308,Buchanan,19019.0,17
309,Buchanan,51027.0,51
310,Buchanan,29021.0,27
311,Buckingham,51029.0,51
312,Bucks,42017.0,41
313,Buena Vista,19021.0,17
314,Buena Vista city,51530.0,51
315,Buffalo,46017.0,45
316,Buffalo,31019.0,29
317,Buffalo,55011.0,54
318,Bullitt,21029.0,19
319,Bulloch,13031.0,11
320,Bullock,1011.0,0
321,Buncombe,37021.0,35
322,Bureau,17011.0,15
323,Burke,38013.0,36
324,Burke,37023.0,35
325,Burke,13033.0,11
326,Burleigh,38015.0,36
327,Burleson,48051.0,47
328,Burlington,34005.0,32
329,Burnet,48053.0,47
330,Burnett,55013.0,54
331,Burt,31021.0,29
332,Butler,31023.0,29
333,Butler,42019.0,41
334,Butler,21031.0,19
335,Butler,39017.0,38
336,Butler,20015.0,18
337,Butler,29023.0,27
338,Butler,1013.0,0
339,Butler,19023.0,17
340,Butte,46019.0,45
341,Butte,16023.0,14
342,Butte,6007.0,5
343,Butts,13035.0,11
344,Cabarrus,37025.0,35
345,Cabell,54011.0,53
346,Cabo Rojo,72023.0,42
347,Cache,49005.0,48
348,Caddo,22017.0,20
349,Caddo,40015.0,39
350,Caguas,72025.0,42
351,Calaveras,6009.0,5
352,Calcasieu,22019.0,20
353,Caldwell,21033.0,19
354,Caldwell,37027.0,35
355,Caldwell,22021.0,20
356,Caldwell,48055.0,47
357,Caldwell,29025.0,27
358,Caledonia,50005.0,49
359,Calhoun,28013.0,26
360,Calhoun,54013.0,53
361,Calhoun,48057.0,47
362,Calhoun,26025.0,24
363,Calhoun,1015.0,0
364,Calhoun,17013.0,15
365,Calhoun,5013.0,4
366,Calhoun,19025.0,17
367,Calhoun,13037.0,11
368,Calhoun,12013.0,10
369,Calhoun,45017.0,44
370,Callahan,48059.0,47
371,Callaway,29027.0,27
372,Calloway,21035.0,19
373,Calumet,55015.0,54
374,Calvert,24009.0,22
375,Camas,16025.0,14
376,Cambria,42021.0,41
377,Camden,13039.0,11
378,Camden,37029.0,35
379,Camden,29029.0,27
380,Camden,34007.0,32
381,Cameron,42023.0,41
382,Cameron,48061.0,47
383,Cameron,22023.0,20
384,Camp,48063.0,47
385,Campbell,56005.0,55
386,Campbell,21037.0,19
387,Campbell,51031.0,51
388,Campbell,47013.0,46
389,Campbell,46021.0,45
390,Camuy,72027.0,42
391,Canadian,40017.0,39
392,Candler,13043.0,11
393,Cannon,47015.0,46
394,Canovanas,72029.0,42
395,Canyon,16027.0,14
396,Cape Girardeau,29031.0,27
397,Cape May,34009.0,32
398,Carbon,56007.0,55
399,Carbon,49007.0,48
400,Carbon,42025.0,41
401,Carbon,30009.0,28
402,Caribou,16029.0,14
403,Carlisle,21039.0,19
404,Carlton,27017.0,25
405,Carolina,72031.0,42
406,Caroline,51033.0,51
407,Caroline,24011.0,22
408,Carroll,33003.0,31
409,Carroll,47017.0,46
410,Carroll,5015.0,4
411,Carroll,29033.0,27
412,Carroll,19027.0,17
413,Carroll,21041.0,19
414,Carroll,17015.0,15
415,Carroll,39019.0,38
416,Carroll,24013.0,22
417,Carroll,51035.0,51
418,Carroll,18015.0,16
419,Carroll,28015.0,26
420,Carroll,13045.0,11
421,Carson,48065.0,47
422,Carson City,32510.0,30
423,Carter,30011.0,28
424,Carter,29035.0,27
425,Carter,21043.0,19
426,Carter,47019.0,46
427,Carter,40019.0,39
428,Carteret,37031.0,35
429,Carver,27019.0,25
430,Cascade,30013.0,28
431,Casey,21045.0,19
432,Cass,31025.0,29
433,Cass,38017.0,36
434,Cass,18017.0,16
435,Cass,29037.0,27
436,Cass,48067.0,47
437,Cass,26027.0,24
438,Cass,19029.0,17
439,Cass,17017.0,15
440,Cass,27021.0,25
441,Cassia,16031.0,14
442,Castro,48069.0,47
443,Caswell,37033.0,35
444,Catahoula,22025.0,20
445,Catano,72033.0,42
446,Catawba,37035.0,35
447,Catoosa,13047.0,11
448,Catron,35003.0,33
449,Cattaraugus,36009.0,34
450,Cavalier,38019.0,36
451,Cayey,72035.0,42
452,Cayuga,36011.0,34
453,Cecil,24015.0,22
454,Cedar,31027.0,29
455,Cedar,19031.0,17
456,Cedar,29039.0,27
457,Ceiba,72037.0,42
458,Centre,42027.0,41
459,Cerro Gordo,19033.0,17
460,Chaffee,8015.0,6
461,Chambers,1017.0,0
462,Chambers,48071.0,47
463,Champaign,17019.0,15
464,Champaign,39021.0,38
465,Chariton,29041.0,27
466,Charles,24017.0,22
467,Charles City,51036.0,51
468,Charles Mix,46023.0,45
469,Charleston,45019.0,44
470,Charlevoix,26029.0,24
471,Charlotte,51037.0,51
472,Charlotte,12015.0,10
473,Charlottesville city,51540.0,51
474,Charlton,13049.0,11
475,Chase,20017.0,18
476,Chase,31029.0,29
477,Chatham,37037.0,35
478,Chatham,13051.0,11
479,Chattahoochee,13053.0,11
480,Chattooga,13055.0,11
481,Chautauqua,20019.0,18
482,Chautauqua,36013.0,34
483,Chaves,35005.0,33
484,Cheatham,47021.0,46
485,Cheboygan,26031.0,24
486,Chelan,53007.0,52
487,Chemung,36015.0,34
488,Chenango,36017.0,34
489,Cherokee,40021.0,39
490,Cherokee,20021.0,18
491,Cherokee,19035.0,17
492,Cherokee,48073.0,47
493,Cherokee,1019.0,0
494,Cherokee,45021.0,44
495,Cherokee,13057.0,11
496,Cherokee,37039.0,35
497,Cherry,31031.0,29
498,Chesapeake city,51550.0,51
499,Cheshire,33005.0,31
500,Chester,47023.0,46
501,Chester,42029.0,41
502,Chester,45023.0,44
503,Chesterfield,51041.0,51
504,Chesterfield,45025.0,44
505,Cheyenne,8017.0,6
506,Cheyenne,20023.0,18
507,Cheyenne,31033.0,29
508,Chickasaw,28017.0,26
509,Chickasaw,19037.0,17
510,Chicot,5017.0,4
511,Childress,48075.0,47
512,Chilton,1021.0,0
513,Chippewa,26033.0,24
514,Chippewa,55017.0,54
515,Chippewa,27023.0,25
516,Chisago,27025.0,25
517,Chittenden,50007.0,49
518,Choctaw,1023.0,0
519,Choctaw,40023.0,39
520,Choctaw,28019.0,26
521,Chouteau,30015.0,28
522,Chowan,37041.0,35
523,Christian,17021.0,15
524,Christian,29043.0,27
525,Christian,21047.0,19
526,Churchill,32001.0,30
527,Ciales,72039.0,42
528,Cibola,35006.0,33
529,Cidra,72041.0,42
530,Cimarron,40025.0,39
531,Citrus,12017.0,10
532,Clackamas,41005.0,40
533,Claiborne,28021.0,26
534,Claiborne,47025.0,46
535,Claiborne,22027.0,20
536,Clallam,53009.0,52
537,Clare,26035.0,24
538,Clarendon,45027.0,44
539,Clarion,42031.0,41
540,Clark,39023.0,38
541,Clark,46025.0,45
542,Clark,18019.0,16
543,Clark,17023.0,15
544,Clark,5019.0,4
545,Clark,21049.0,19
546,Clark,29045.0,27
547,Clark,55019.0,54
548,Clark,20025.0,18
549,Clark,32003.0,30
550,Clark,16033.0,14
551,Clark,53011.0,52
552,Clarke,1025.0,0
553,Clarke,13059.0,11
554,Clarke,51043.0,51
555,Clarke,28023.0,26
556,Clarke,19039.0,17
557,Clatsop,41007.0,40
558,Clay,1027.0,0
559,Clay,46027.0,45
560,Clay,48077.0,47
561,Clay,12019.0,10
562,Clay,29047.0,27
563,Clay,47027.0,46
564,Clay,21051.0,19
565,Clay,27027.0,25
566,Clay,17025.0,15
567,Clay,18021.0,16
568,Clay,54015.0,53
569,Clay,20027.0,18
570,Clay,5021.0,4
571,Clay,13061.0,11
572,Clay,28025.0,26
573,Clay,37043.0,35
574,Clay,19041.0,17
575,Clay,31035.0,29
576,Clayton,13063.0,11
577,Clayton,19043.0,17
578,Clear Creek,8019.0,6
579,Clearfield,42033.0,41
580,Clearwater,27029.0,25
581,Clearwater,16035.0,14
582,Cleburne,5023.0,4
583,Cleburne,1029.0,0
584,Clermont,39025.0,38
585,Cleveland,5025.0,4
586,Cleveland,37045.0,35
587,Cleveland,40027.0,39
588,Clinch,13065.0,11
589,Clinton,26037.0,24
590,Clinton,36019.0,34
591,Clinton,42035.0,41
592,Clinton,17027.0,15
593,Clinton,19045.0,17
594,Clinton,29049.0,27
595,Clinton,21053.0,19
596,Clinton,18023.0,16
597,Clinton,39027.0,38
598,Cloud,20029.0,18
599,Coahoma,28027.0,26
600,Coal,40029.0,39
601,Coamo,72043.0,42
602,Cobb,13067.0,11
603,Cochise,4003.0,3
604,Cochran,48079.0,47
605,Cocke,47029.0,46
606,Coconino,4005.0,3
607,Codington,46029.0,45
608,Coffee,13069.0,11
609,Coffee,47031.0,46
610,Coffee,1031.0,0
611,Coffey,20031.0,18
612,Coke,48081.0,47
613,Colbert,1033.0,0
614,Cole,29051.0,27
615,Coleman,48083.0,47
616,Coles,17029.0,15
617,Colfax,35007.0,33
618,Colfax,31037.0,29
619,Colleton,45029.0,44
620,Collier,12021.0,10
621,Collin,48085.0,47
622,Collingsworth,48087.0,47
623,Colonial Heights city,51570.0,51
624,Colorado,48089.0,47
625,Colquitt,13071.0,11
626,Columbia,36021.0,34
627,Columbia,13073.0,11
628,Columbia,55021.0,54
629,Columbia,12023.0,10
630,Columbia,53013.0,52
631,Columbia,41009.0,40
632,Columbia,42037.0,41
633,Columbia,5027.0,4
634,Columbiana,39029.0,38
635,Columbus,37047.0,35
636,Colusa,6011.0,5
637,Comal,48091.0,47
638,Comanche,40031.0,39
639,Comanche,48093.0,47
640,Comanche,20033.0,18
641,Comerio,72045.0,42
642,Concho,48095.0,47
643,Concordia,22029.0,20
644,Conecuh,1035.0,0
645,Conejos,8021.0,6
646,Contra Costa,6013.0,5
647,Converse,56009.0,55
648,Conway,5029.0,4
649,Cook,17031.0,15
650,Cook,13075.0,11
651,Cook,27031.0,25
652,Cooke,48097.0,47
653,Cooper,29053.0,27
654,Coos,33007.0,31
655,Coos,41011.0,40
656,Coosa,1037.0,0
657,Copiah,28029.0,26
658,Corozal,72047.0,42
659,Corson,46031.0,45
660,Cortland,36023.0,34
661,Coryell,48099.0,47
662,Coshocton,39031.0,38
663,Costilla,8023.0,6
664,Cottle,48101.0,47
665,Cotton,40033.0,39
666,Cottonwood,27033.0,25
667,Covington,1039.0,0
668,Covington,28031.0,26
669,Covington city,51580.0,51
670,Coweta,13077.0,11
671,Cowley,20035.0,18
672,Cowlitz,53015.0,52
673,Craig,51045.0,51
674,Craig,40035.0,39
675,Craighead,5031.0,4
676,Crane,48103.0,47
677,Craven,37049.0,35
678,Crawford,20037.0,18
679,Crawford,39033.0,38
680,Crawford,42039.0,41
681,Crawford,5033.0,4
682,Crawford,55023.0,54
683,Crawford,29055.0,27
684,Crawford,19047.0,17
685,Crawford,17033.0,15
686,Crawford,18025.0,16
687,Crawford,13079.0,11
688,Crawford,26039.0,24
689,Creek,40037.0,39
690,Crenshaw,1041.0,0
691,Crisp,13081.0,11
692,Crittenden,5035.0,4
693,Crittenden,21055.0,19
694,Crockett,48105.0,47
695,Crockett,47033.0,46
696,Crook,41013.0,40
697,Crook,56011.0,55
698,Crosby,48107.0,47
699,Cross,5037.0,4
700,Crow Wing,27035.0,25
701,Crowley,8025.0,6
702,Culberson,48109.0,47
703,Culebra,72049.0,42
704,Cullman,1043.0,0
705,Culpeper,51047.0,51
706,Cumberland,23005.0,21
707,Cumberland,42041.0,41
708,Cumberland,21057.0,19
709,Cumberland,51049.0,51
710,Cumberland,17035.0,15
711,Cumberland,37051.0,35
712,Cumberland,47035.0,46
713,Cumberland,34011.0,32
714,Cuming,31039.0,29
715,Currituck,37053.0,35
716,Curry,41015.0,40
717,Curry,35009.0,33
718,Custer,16037.0,14
719,Custer,46033.0,45
720,Custer,31041.0,29
721,Custer,40039.0,39
722,Custer,8027.0,6
723,Custer,30017.0,28
724,Cuyahoga,39035.0,38
725,Dade,13083.0,11
726,Dade,29057.0,27
727,Daggett,49009.0,48
728,Dakota,27037.0,25
729,Dakota,31043.0,29
730,Dale,1045.0,0
731,Dallam,48111.0,47
732,Dallas,5039.0,4
733,Dallas,48113.0,47
734,Dallas,29059.0,27
735,Dallas,1047.0,0
736,Dallas,19049.0,17
737,Dane,55025.0,54
738,Daniels,30019.0,28
739,Danville city,51590.0,51
740,Dare,37055.0,35
741,Darke,39037.0,38
742,Darlington,45031.0,44
743,Dauphin,42043.0,41
744,Davidson,47037.0,46
745,Davidson,37057.0,35
746,Davie,37059.0,35
747,Daviess,18027.0,16
748,Daviess,21059.0,19
749,Daviess,29061.0,27
750,Davis,19051.0,17
751,Davis,49011.0,48
752,Davison,46035.0,45
753,Dawes,31045.0,29
754,Dawson,48115.0,47
755,Dawson,30021.0,28
756,Dawson,13085.0,11
757,Dawson,31047.0,29
758,Day,46037.0,45
759,De Baca,35011.0,33
760,De Soto,22031.0,20
761,De Witt,17039.0,15
762,DeKalb,17037.0,15
763,DeKalb,18033.0,16
764,DeKalb,29063.0,27
765,DeKalb,13089.0,11
766,DeKalb,47041.0,46
767,DeKalb,1049.0,0
768,DeSoto,28033.0,26
769,DeSoto,12027.0,10
770,DeWitt,48123.0,47
771,Deaf Smith,48117.0,47
772,Dearborn,18029.0,16
773,Decatur,47039.0,46
774,Decatur,18031.0,16
775,Decatur,20039.0,18
776,Decatur,19053.0,17
777,Decatur,13087.0,11
778,Deer Lodge,30023.0,28
779,Defiance,39039.0,38
780,Del Norte,6015.0,5
781,Delaware,40041.0,39
782,Delaware,39041.0,38
783,Delaware,19055.0,17
784,Delaware,18035.0,16
785,Delaware,36025.0,34
786,Delaware,42045.0,41
787,Delta,48119.0,47
788,Delta,8029.0,6
789,Delta,26041.0,24
790,Denali Borough,2068.0,1
791,Dent,29065.0,27
792,Denton,48121.0,47
793,Denver,8031.0,6
794,Des Moines,19057.0,17
795,Deschutes,41017.0,40
796,Desha,5041.0,4
797,Deuel,46039.0,45
798,Deuel,31049.0,29
799,Dewey,40043.0,39
800,Dewey,46041.0,45
801,Dickens,48125.0,47
802,Dickenson,51051.0,51
803,Dickey,38021.0,36
804,Dickinson,20041.0,18
805,Dickinson,19059.0,17
806,Dickinson,26043.0,24
807,Dickson,47043.0,46
808,Dillingham Census Area,2070.0,1
809,Dillon,45033.0,44
810,Dimmit,48127.0,47
811,Dinwiddie,51053.0,51
812,District of Columbia,11001.0,9
813,Divide,38023.0,36
814,Dixie,12029.0,10
815,Dixon,31051.0,29
816,Doddridge,54017.0,53
817,Dodge,27039.0,25
818,Dodge,31053.0,29
819,Dodge,55027.0,54
820,Dodge,13091.0,11
821,Dolores,8033.0,6
822,Doniphan,20043.0,18
823,Donley,48129.0,47
824,Dooly,13093.0,11
825,Door,55029.0,54
826,Dorado,72051.0,42
827,Dorchester,24019.0,22
828,Dorchester,45035.0,44
829,Dougherty,13095.0,11
830,Douglas,13097.0,11
831,Douglas,17041.0,15
832,Douglas,32005.0,30
833,Douglas,29067.0,27
834,Douglas,27041.0,25
835,Douglas,53017.0,52
836,Douglas,31055.0,29
837,Douglas,8035.0,6
838,Douglas,46043.0,45
839,Douglas,20045.0,18
840,Douglas,41019.0,40
841,Douglas,55031.0,54
842,Do√±a Ana,35013.0,33
843,Drew,5043.0,4
844,DuPage,17043.0,15
845,Dubois,18037.0,16
846,Dubuque,19061.0,17
847,Duchesne,49013.0,48
848,Dukes,25007.0,23
849,Dundy,31057.0,29
850,Dunklin,29069.0,27
851,Dunn,38025.0,36
852,Dunn,55033.0,54
853,Duplin,37061.0,35
854,Durham,37063.0,35
855,Dutchess,36027.0,34
856,Duval,48131.0,47
857,Duval,12031.0,10
858,Dyer,47045.0,46
859,Eagle,8037.0,6
860,Early,13099.0,11
861,East Baton Rouge,22033.0,20
862,East Carroll,22035.0,20
863,East Feliciana,22037.0,20
864,Eastland,48133.0,47
865,Eaton,26045.0,24
866,Eau Claire,55035.0,54
867,Echols,13101.0,11
868,Ector,48135.0,47
869,Eddy,35015.0,33
870,Eddy,38027.0,36
871,Edgar,17045.0,15
872,Edgecombe,37065.0,35
873,Edgefield,45037.0,44
874,Edmonson,21061.0,19
875,Edmunds,46045.0,45
876,Edwards,48137.0,47
877,Edwards,17047.0,15
878,Edwards,20047.0,18
879,Effingham,17049.0,15
880,Effingham,13103.0,11
881,El Dorado,6017.0,5
882,El Paso,8041.0,6
883,El Paso,48141.0,47
884,Elbert,8039.0,6
885,Elbert,13105.0,11
886,Elk,20049.0,18
887,Elk,42047.0,41
888,Elkhart,18039.0,16
889,Elko,32007.0,30
890,Elliott,21063.0,19
891,Ellis,40045.0,39
892,Ellis,20051.0,18
893,Ellis,48139.0,47
894,Ellsworth,20053.0,18
895,Elmore,1051.0,0
896,Elmore,16039.0,14
897,Emanuel,13107.0,11
898,Emery,49015.0,48
899,Emmet,26047.0,24
900,Emmet,19063.0,17
901,Emmons,38029.0,36
902,Emporia city,51595.0,51
903,Erath,48143.0,47
904,Erie,36029.0,34
905,Erie,39043.0,38
906,Erie,42049.0,41
907,Escambia,1053.0,0
908,Escambia,12033.0,10
909,Esmeralda,32009.0,30
910,Essex,34013.0,32
911,Essex,25009.0,23
912,Essex,36031.0,34
913,Essex,51057.0,51
914,Essex,50009.0,49
915,Estill,21065.0,19
916,Etowah,1055.0,0
917,Eureka,32011.0,30
918,Evangeline,22039.0,20
919,Evans,13109.0,11
920,Fairbanks North Star Borough,2090.0,1
921,Fairfax,51059.0,51
922,Fairfax city,51600.0,51
923,Fairfield,9001.0,7
924,Fairfield,39045.0,38
925,Fairfield,45039.0,44
926,Fajardo,72053.0,42
927,Fall River,46047.0,45
928,Fallon,30025.0,28
929,Falls,48145.0,47
930,Falls Church city,51610.0,51
931,Fannin,48147.0,47
932,Fannin,13111.0,11
933,Faribault,27043.0,25
934,Faulk,46049.0,45
935,Faulkner,5045.0,4
936,Fauquier,51061.0,51
937,Fayette,13113.0,11
938,Fayette,18041.0,16
939,Fayette,19065.0,17
940,Fayette,42051.0,41
941,Fayette,17051.0,15
942,Fayette,1057.0,0
943,Fayette,39047.0,38
944,Fayette,21067.0,19
945,Fayette,47047.0,46
946,Fayette,48149.0,47
947,Fayette,54019.0,53
948,Fentress,47049.0,46
949,Fergus,30027.0,28
950,Ferry,53019.0,52
951,Fillmore,27045.0,25
952,Fillmore,31059.0,29
953,Finney,20055.0,18
954,Fisher,48151.0,47
955,Flagler,12035.0,10
956,Flathead,30029.0,28
957,Fleming,21069.0,19
958,Florence,55037.0,54
959,Florence,45041.0,44
960,Florida,72054.0,42
961,Floyd,21071.0,19
962,Floyd,19067.0,17
963,Floyd,18043.0,16
964,Floyd,13115.0,11
965,Floyd,51063.0,51
966,Floyd,48153.0,47
967,Fluvanna,51065.0,51
968,Foard,48155.0,47
969,Fond du Lac,55039.0,54
970,Ford,20057.0,18
971,Ford,17053.0,15
972,Forest,42053.0,41
973,Forest,55041.0,54
974,Forrest,28035.0,26
975,Forsyth,13117.0,11
976,Forsyth,37067.0,35
977,Fort Bend,48157.0,47
978,Foster,38031.0,36
979,Fountain,18045.0,16
980,Franklin,22041.0,20
981,Franklin,12037.0,10
982,Franklin,23007.0,21
983,Franklin,39049.0,38
984,Franklin,25011.0,23
985,Franklin,21073.0,19
986,Franklin,20059.0,18
987,Franklin,29071.0,27
988,Franklin,18047.0,16
989,Franklin,17055.0,15
990,Franklin,50011.0,49
991,Franklin,19069.0,17
992,Franklin,37069.0,35
993,Franklin,13119.0,11
994,Franklin,48159.0,47
995,Franklin,42055.0,41
996,Franklin,1059.0,0
997,Franklin,47051.0,46
998,Franklin,53021.0,52
999,Franklin,31061.0,29
1000,Franklin,5047.0,4
1001,Franklin,36033.0,34
1002,Franklin,28037.0,26
1003,Franklin,51067.0,51
1004,Franklin,16041.0,14
1005,Franklin city,51620.0,51
1006,Frederick,51069.0,51
1007,Frederick,24021.0,22
1008,Fredericksburg city,51630.0,51
1009,Freeborn,27047.0,25
1010,Freestone,48161.0,47
1011,Fremont,16043.0,14
1012,Fremont,56013.0,55
1013,Fremont,19071.0,17
1014,Fremont,8043.0,6
1015,Fresno,6019.0,5
1016,Frio,48163.0,47
1017,Frontier,31063.0,29
1018,Fulton,39051.0,38
1019,Fulton,17057.0,15
1020,Fulton,36035.0,34
1021,Fulton,42057.0,41
1022,Fulton,18049.0,16
1023,Fulton,21075.0,19
1024,Fulton,5049.0,4
1025,Fulton,13121.0,11
1026,Furnas,31065.0,29
1027,Gadsden,12039.0,10
1028,Gage,31067.0,29
1029,Gaines,48165.0,47
1030,Galax city,51640.0,51
1031,Gallatin,17059.0,15
1032,Gallatin,30031.0,28
1033,Gallatin,21077.0,19
1034,Gallia,39053.0,38
1035,Galveston,48167.0,47
1036,Garden,31069.0,29
1037,Garfield,49017.0,48
1038,Garfield,31071.0,29
1039,Garfield,8045.0,6
1040,Garfield,40047.0,39
1041,Garfield,30033.0,28
1042,Garfield,53023.0,52
1043,Garland,5051.0,4
1044,Garrard,21079.0,19
1045,Garrett,24023.0,22
1046,Garvin,40049.0,39
1047,Garza,48169.0,47
1048,Gasconade,29073.0,27
1049,Gaston,37071.0,35
1050,Gates,37073.0,35
1051,Geary,20061.0,18
1052,Geauga,39055.0,38
1053,Gem,16045.0,14
1054,Genesee,26049.0,24
1055,Genesee,36037.0,34
1056,Geneva,1061.0,0
1057,Gentry,29075.0,27
1058,George,28039.0,26
1059,Georgetown,45043.0,44
1060,Gibson,47053.0,46
1061,Gibson,18051.0,16
1062,Gila,4007.0,3
1063,Gilchrist,12041.0,10
1064,Giles,51071.0,51
1065,Giles,47055.0,46
1066,Gillespie,48171.0,47
1067,Gilliam,41021.0,40
1068,Gilmer,13123.0,11
1069,Gilmer,54021.0,53
1070,Gilpin,8047.0,6
1071,Glacier,30035.0,28
1072,Glades,12043.0,10
1073,Gladwin,26051.0,24
1074,Glascock,13125.0,11
1075,Glasscock,48173.0,47
1076,Glenn,6021.0,5
1077,Gloucester,34015.0,32
1078,Gloucester,51073.0,51
1079,Glynn,13127.0,11
1080,Gogebic,26053.0,24
1081,Golden Valley,30037.0,28
1082,Golden Valley,38033.0,36
1083,Goliad,48175.0,47
1084,Gonzales,48177.0,47
1085,Goochland,51075.0,51
1086,Goodhue,27049.0,25
1087,Gooding,16047.0,14
1088,Gordon,13129.0,11
1089,Goshen,56015.0,55
1090,Gosper,31073.0,29
1091,Gove,20063.0,18
1092,Grady,40051.0,39
1093,Grady,13131.0,11
1094,Grafton,33009.0,31
1095,Graham,20065.0,18
1096,Graham,4009.0,3
1097,Graham,37075.0,35
1098,Grainger,47057.0,46
1099,Grand,49019.0,48
1100,Grand,8049.0,6
1101,Grand Forks,38035.0,36
1102,Grand Isle,50013.0,49
1103,Grand Traverse,26055.0,24
1104,Granite,30039.0,28
1105,Grant,46051.0,45
1106,Grant,54023.0,53
1107,Grant,20067.0,18
1108,Grant,35017.0,33
1109,Grant,5053.0,4
1110,Grant,18053.0,16
1111,Grant,22043.0,20
1112,Grant,21081.0,19
1113,Grant,38037.0,36
1114,Grant,41023.0,40
1115,Grant,53025.0,52
1116,Grant,40053.0,39
1117,Grant,31075.0,29
1118,Grant,27051.0,25
1119,Grant,55043.0,54
1120,Granville,37077.0,35
1121,Gratiot,26057.0,24
1122,Graves,21083.0,19
1123,Gray,48179.0,47
1124,Gray,20069.0,18
1125,Grays Harbor,53027.0,52
1126,Grayson,48181.0,47
1127,Grayson,51077.0,51
1128,Grayson,21085.0,19
1129,Greeley,20071.0,18
1130,Greeley,31077.0,29
1131,Green,21087.0,19
1132,Green,55045.0,54
1133,Green Lake,55047.0,54
1134,Greenbrier,54025.0,53
1135,Greene,19073.0,17
1136,Greene,37079.0,35
1137,Greene,42059.0,41
1138,Greene,13133.0,11
1139,Greene,51079.0,51
1140,Greene,29077.0,27
1141,Greene,39057.0,38
1142,Greene,47059.0,46
1143,Greene,18055.0,16
1144,Greene,36039.0,34
1145,Greene,28041.0,26
1146,Greene,17061.0,15
1147,Greene,1063.0,0
1148,Greene,5055.0,4
1149,Greenlee,4011.0,3
1150,Greensville,51081.0,51
1151,Greenup,21089.0,19
1152,Greenville,45045.0,44
1153,Greenwood,20073.0,18
1154,Greenwood,45047.0,44
1155,Greer,40055.0,39
1156,Gregg,48183.0,47
1157,Gregory,46053.0,45
1158,Grenada,28043.0,26
1159,Griggs,38039.0,36
1160,Grimes,48185.0,47
1161,Grundy,47061.0,46
1162,Grundy,17063.0,15
1163,Grundy,29079.0,27
1164,Grundy,19075.0,17
1165,Guadalupe,35019.0,33
1166,Guadalupe,48187.0,47
1167,Guanica,72055.0,42
1168,Guayama,72057.0,42
1169,Guayanilla,72059.0,42
1170,Guaynabo,72061.0,42
1171,Guernsey,39059.0,38
1172,Guilford,37081.0,35
1173,Gulf,12045.0,10
1174,Gunnison,8051.0,6
1175,Gurabo,72063.0,42
1176,Guthrie,19077.0,17
1177,Gwinnett,13135.0,11
1178,Haakon,46055.0,45
1179,Habersham,13137.0,11
1180,Haines Borough,2100.0,1
1181,Hale,48189.0,47
1182,Hale,1065.0,0
1183,Halifax,37083.0,35
1184,Halifax,51083.0,51
1185,Hall,31079.0,29
1186,Hall,13139.0,11
1187,Hall,48191.0,47
1188,Hamblen,47063.0,46
1189,Hamilton,17065.0,15
1190,Hamilton,19079.0,17
1191,Hamilton,39061.0,38
1192,Hamilton,48193.0,47
1193,Hamilton,12047.0,10
1194,Hamilton,47065.0,46
1195,Hamilton,31081.0,29
1196,Hamilton,18057.0,16
1197,Hamilton,36041.0,34
1198,Hamilton,20075.0,18
1199,Hamlin,46057.0,45
1200,Hampden,25013.0,23
1201,Hampshire,25015.0,23
1202,Hampshire,54027.0,53
1203,Hampton,45049.0,44
1204,Hampton city,51650.0,51
1205,Hancock,23009.0,21
1206,Hancock,28045.0,26
1207,Hancock,47067.0,46
1208,Hancock,21091.0,19
1209,Hancock,39063.0,38
1210,Hancock,17067.0,15
1211,Hancock,13141.0,11
1212,Hancock,54029.0,53
1213,Hancock,19081.0,17
1214,Hancock,18059.0,16
1215,Hand,46059.0,45
1216,Hanover,51085.0,51
1217,Hansford,48195.0,47
1218,Hanson,46061.0,45
1219,Haralson,13143.0,11
1220,Hardee,12049.0,10
1221,Hardeman,47069.0,46
1222,Hardeman,48197.0,47
1223,Hardin,21093.0,19
1224,Hardin,47071.0,46
1225,Hardin,19083.0,17
1226,Hardin,17069.0,15
1227,Hardin,39065.0,38
1228,Hardin,48199.0,47
1229,Harding,46063.0,45
1230,Harding,35021.0,33
1231,Hardy,54031.0,53
1232,Harford,24025.0,22
1233,Harlan,31083.0,29
1234,Harlan,21095.0,19
1235,Harmon,40057.0,39
1236,Harnett,37085.0,35
1237,Harney,41025.0,40
1238,Harper,20077.0,18
1239,Harper,40059.0,39
1240,Harris,13145.0,11
1241,Harris,48201.0,47
1242,Harrison,54033.0,53
1243,Harrison,19085.0,17
1244,Harrison,21097.0,19
1245,Harrison,48203.0,47
1246,Harrison,39067.0,38
1247,Harrison,28047.0,26
1248,Harrison,29081.0,27
1249,Harrison,18061.0,16
1250,Harrisonburg city,51660.0,51
1251,Hart,13147.0,11
1252,Hart,21099.0,19
1253,Hartford,9003.0,7
1254,Hartley,48205.0,47
1255,Harvey,20079.0,18
1256,Haskell,48207.0,47
1257,Haskell,20081.0,18
1258,Haskell,40061.0,39
1259,Hatillo,72065.0,42
1260,Hawaii,15001.0,13
1261,Hawkins,47073.0,46
1262,Hayes,31085.0,29
1263,Hays,48209.0,47
1264,Haywood,47075.0,46
1265,Haywood,37087.0,35
1266,Heard,13149.0,11
1267,Hemphill,48211.0,47
1268,Hempstead,5057.0,4
1269,Henderson,47077.0,46
1270,Henderson,21101.0,19
1271,Henderson,48213.0,47
1272,Henderson,37089.0,35
1273,Henderson,17071.0,15
1274,Hendricks,18063.0,16
1275,Hendry,12051.0,10
1276,Hennepin,27053.0,25
1277,Henrico,51087.0,51
1278,Henry,47079.0,46
1279,Henry,21103.0,19
1280,Henry,29083.0,27
1281,Henry,13151.0,11
1282,Henry,19087.0,17
1283,Henry,39069.0,38
1284,Henry,51089.0,51
1285,Henry,1067.0,0
1286,Henry,18065.0,16
1287,Henry,17073.0,15
1288,Herkimer,36043.0,34
1289,Hernando,12053.0,10
1290,Hertford,37091.0,35
1291,Hettinger,38041.0,36
1292,Hickman,47081.0,46
1293,Hickman,21105.0,19
1294,Hickory,29085.0,27
1295,Hidalgo,48215.0,47
1296,Hidalgo,35023.0,33
1297,Highland,51091.0,51
1298,Highland,39071.0,38
1299,Highlands,12055.0,10
1300,Hill,30041.0,28
1301,Hill,48217.0,47
1302,Hillsborough,12057.0,10
1303,Hillsborough,33011.0,31
1304,Hillsdale,26059.0,24
1305,Hinds,28049.0,26
1306,Hinsdale,8053.0,6
1307,Hitchcock,31087.0,29
1308,Hocking,39073.0,38
1309,Hockley,48219.0,47
1310,Hodgeman,20083.0,18
1311,Hoke,37093.0,35
1312,Holmes,39075.0,38
1313,Holmes,28051.0,26
1314,Holmes,12059.0,10
1315,Holt,31089.0,29
1316,Holt,29087.0,27
1317,Honolulu,15003.0,13
1318,Hood,48221.0,47
1319,Hood River,41027.0,40
1320,Hooker,31091.0,29
1321,Hopewell city,51670.0,51
1322,Hopkins,48223.0,47
1323,Hopkins,21107.0,19
1324,Hormigueros,72067.0,42
1325,Horry,45051.0,44
1326,Hot Spring,5059.0,4
1327,Hot Springs,56017.0,55
1328,Houghton,26061.0,24
1329,Houston,1069.0,0
1330,Houston,47083.0,46
1331,Houston,27055.0,25
1332,Houston,48225.0,47
1333,Houston,13153.0,11
1334,Howard,48227.0,47
1335,Howard,18067.0,16
1336,Howard,29089.0,27
1337,Howard,31093.0,29
1338,Howard,19089.0,17
1339,Howard,24027.0,22
1340,Howard,5061.0,4
1341,Howell,29091.0,27
1342,Hubbard,27057.0,25
1343,Hudson,34017.0,32
1344,Hudspeth,48229.0,47
1345,Huerfano,8055.0,6
1346,Hughes,40063.0,39
1347,Hughes,46065.0,45
1348,Humacao,72069.0,42
1349,Humboldt,6023.0,5
1350,Humboldt,19091.0,17
1351,Humboldt,32013.0,30
1352,Humphreys,28053.0,26
1353,Humphreys,47085.0,46
1354,Hunt,48231.0,47
1355,Hunterdon,34019.0,32
1356,Huntingdon,42061.0,41
1357,Huntington,18069.0,16
1358,Huron,26063.0,24
1359,Huron,39077.0,38
1360,Hutchinson,46067.0,45
1361,Hutchinson,48233.0,47
1362,Hyde,37095.0,35
1363,Hyde,46069.0,45
1364,Iberia,22045.0,20
1365,Iberville,22047.0,20
1366,Ida,19093.0,17
1367,Idaho,16049.0,14
1368,Imperial,6025.0,5
1369,Independence,5063.0,4
1370,Indian River,12061.0,10
1371,Indiana,42063.0,41
1372,Ingham,26065.0,24
1373,Inyo,6027.0,5
1374,Ionia,26067.0,24
1375,Iosco,26069.0,24
1376,Iowa,19095.0,17
1377,Iowa,55049.0,54
1378,Iredell,37097.0,35
1379,Irion,48235.0,47
1380,Iron,26071.0,24
1381,Iron,55051.0,54
1382,Iron,49021.0,48
1383,Iron,29093.0,27
1384,Iroquois,17075.0,15
1385,Irwin,13155.0,11
1386,Isabela,72071.0,42
1387,Isabella,26073.0,24
1388,Isanti,27059.0,25
1389,Island,53029.0,52
1390,Isle of Wight,51093.0,51
1391,Issaquena,28055.0,26
1392,Itasca,27061.0,25
1393,Itawamba,28057.0,26
1394,Izard,5065.0,4
1395,Jack,48237.0,47
1396,Jackson,22049.0,20
1397,Jackson,41029.0,40
1398,Jackson,47087.0,46
1399,Jackson,19097.0,17
1400,Jackson,20085.0,18
1401,Jackson,8057.0,6
1402,Jackson,37099.0,35
1403,Jackson,5067.0,4
1404,Jackson,12063.0,10
1405,Jackson,21109.0,19
1406,Jackson,39079.0,38
1407,Jackson,40065.0,39
1408,Jackson,27063.0,25
1409,Jackson,46071.0,45
1410,Jackson,26075.0,24
1411,Jackson,48239.0,47
1412,Jackson,13157.0,11
1413,Jackson,55053.0,54
1414,Jackson,54035.0,53
1415,Jackson,1071.0,0
1416,Jackson,18071.0,16
1417,Jackson,28059.0,26
1418,Jackson,29095.0,27
1419,Jackson,17077.0,15
1420,James City,51095.0,51
1421,Jasper,13159.0,11
1422,Jasper,29097.0,27
1423,Jasper,19099.0,17
1424,Jasper,28061.0,26
1425,Jasper,45053.0,44
1426,Jasper,18073.0,16
1427,Jasper,48241.0,47
1428,Jasper,17079.0,15
1429,Jay,18075.0,16
1430,Jayuya,72073.0,42
1431,Jeff Davis,13161.0,11
1432,Jeff Davis,48243.0,47
1433,Jefferson,17081.0,15
1434,Jefferson,20087.0,18
1435,Jefferson,30043.0,28
1436,Jefferson,8059.0,6
1437,Jefferson,18077.0,16
1438,Jefferson,1073.0,0
1439,Jefferson,42065.0,41
1440,Jefferson,29099.0,27
1441,Jefferson,28063.0,26
1442,Jefferson,40067.0,39
1443,Jefferson,41031.0,40
1444,Jefferson,48245.0,47
1445,Jefferson,36045.0,34
1446,Jefferson,21111.0,19
1447,Jefferson,31095.0,29
1448,Jefferson,47089.0,46
1449,Jefferson,39081.0,38
1450,Jefferson,12065.0,10
1451,Jefferson,13163.0,11
1452,Jefferson,54037.0,53
1453,Jefferson,16051.0,14
1454,Jefferson,53031.0,52
1455,Jefferson,55055.0,54
1456,Jefferson,22051.0,20
1457,Jefferson,5069.0,4
1458,Jefferson,19101.0,17
1459,Jefferson Davis,28065.0,26
1460,Jefferson Davis,22053.0,20
1461,Jenkins,13165.0,11
1462,Jennings,18079.0,16
1463,Jerauld,46073.0,45
1464,Jerome,16053.0,14
1465,Jersey,17083.0,15
1466,Jessamine,21113.0,19
1467,Jewell,20089.0,18
1468,Jim Hogg,48247.0,47
1469,Jim Wells,48249.0,47
1470,Jo Daviess,17085.0,15
1471,Johnson,48251.0,47
1472,Johnson,56019.0,55
1473,Johnson,20091.0,18
1474,Johnson,19103.0,17
1475,Johnson,18081.0,16
1476,Johnson,17087.0,15
1477,Johnson,21115.0,19
1478,Johnson,29101.0,27
1479,Johnson,13167.0,11
1480,Johnson,31097.0,29
1481,Johnson,5071.0,4
1482,Johnson,47091.0,46
1483,Johnston,40069.0,39
1484,Johnston,37101.0,35
1485,Jones,46075.0,45
1486,Jones,13169.0,11
1487,Jones,37103.0,35
1488,Jones,48253.0,47
1489,Jones,19105.0,17
1490,Jones,28067.0,26
1491,Joplin,,27
1492,Josephine,41033.0,40
1493,Juab,49023.0,48
1494,Juana Diaz,72075.0,42
1495,Judith Basin,30045.0,28
1496,Juncos,72077.0,42
1497,Juneau,55057.0,54
1498,Juneau City and Borough,2110.0,1
1499,Juniata,42067.0,41
1500,Kalamazoo,26077.0,24
1501,Kalawao,15005.0,13
1502,Kalkaska,26079.0,24
1503,Kanabec,27065.0,25
1504,Kanawha,54039.0,53
1505,Kandiyohi,27067.0,25
1506,Kane,49025.0,48
1507,Kane,17089.0,15
1508,Kankakee,17091.0,15
1509,Kansas City,,27
1510,Karnes,48255.0,47
1511,Kauai,15007.0,13
1512,Kaufman,48257.0,47
1513,Kay,40071.0,39
1514,Kearney,31099.0,29
1515,Kearny,20093.0,18
1516,Keith,31101.0,29
1517,Kemper,28069.0,26
1518,Kenai Peninsula Borough,2122.0,1
1519,Kendall,48259.0,47
1520,Kendall,17093.0,15
1521,Kenedy,48261.0,47
1522,Kennebec,23011.0,21
1523,Kenosha,55059.0,54
1524,Kent,24029.0,22
1525,Kent,44003.0,43
1526,Kent,26081.0,24
1527,Kent,48263.0,47
1528,Kent,10001.0,8
1529,Kenton,21117.0,19
1530,Keokuk,19107.0,17
1531,Kern,6029.0,5
1532,Kerr,48265.0,47
1533,Kershaw,45055.0,44
1534,Ketchikan Gateway Borough,2130.0,1
1535,Kewaunee,55061.0,54
1536,Keweenaw,26083.0,24
1537,Keya Paha,31103.0,29
1538,Kidder,38043.0,36
1539,Kimball,31105.0,29
1540,Kimble,48267.0,47
1541,King,48269.0,47
1542,King,53033.0,52
1543,King George,51099.0,51
1544,King William,51101.0,51
1545,King and Queen,51097.0,51
1546,Kingfisher,40073.0,39
1547,Kingman,20095.0,18
1548,Kings,6031.0,5
1549,Kingsbury,46077.0,45
1550,Kinney,48271.0,47
1551,Kiowa,8061.0,6
1552,Kiowa,40075.0,39
1553,Kiowa,20097.0,18
1554,Kit Carson,8063.0,6
1555,Kitsap,53035.0,52
1556,Kittitas,53037.0,52
1557,Kittson,27069.0,25
1558,Klamath,41035.0,40
1559,Kleberg,48273.0,47
1560,Klickitat,53039.0,52
1561,Knott,21119.0,19
1562,Knox,48275.0,47
1563,Knox,31107.0,29
1564,Knox,21121.0,19
1565,Knox,18083.0,16
1566,Knox,39083.0,38
1567,Knox,17095.0,15
1568,Knox,47093.0,46
1569,Knox,23013.0,21
1570,Knox,29103.0,27
1571,Kodiak Island Borough,2150.0,1
1572,Koochiching,27071.0,25
1573,Kootenai,16055.0,14
1574,Kosciusko,18085.0,16
1575,Kossuth,19109.0,17
1576,Kusilvak Census Area,2158.0,1
1577,La Crosse,55063.0,54
1578,La Paz,4012.0,3
1579,La Plata,8067.0,6
1580,La Salle,48283.0,47
1581,LaGrange,18087.0,16
1582,LaMoure,38045.0,36
1583,LaPorte,18091.0,16
1584,LaSalle,22059.0,20
1585,LaSalle,17099.0,15
1586,Labette,20099.0,18
1587,Lac qui Parle,27073.0,25
1588,Lackawanna,42069.0,41
1589,Laclede,29105.0,27
1590,Lafayette,12067.0,10
1591,Lafayette,55065.0,54
1592,Lafayette,28071.0,26
1593,Lafayette,5073.0,4
1594,Lafayette,29107.0,27
1595,Lafayette,22055.0,20
1596,Lafourche,22057.0,20
1597,Lajas,72079.0,42
1598,Lake,18089.0,16
1599,Lake,12069.0,10
1600,Lake,6033.0,5
1601,Lake,41037.0,40
1602,Lake,46079.0,45
1603,Lake,26085.0,24
1604,Lake,39085.0,38
1605,Lake,8065.0,6
1606,Lake,27075.0,25
1607,Lake,30047.0,28
1608,Lake,17097.0,15
1609,Lake,47095.0,46
1610,Lake of the Woods,27077.0,25
1611,Lamar,28073.0,26
1612,Lamar,1075.0,0
1613,Lamar,48277.0,47
1614,Lamar,13171.0,11
1615,Lamb,48279.0,47
1616,Lamoille,50015.0,49
1617,Lampasas,48281.0,47
1618,Lancaster,45057.0,44
1619,Lancaster,42071.0,41
1620,Lancaster,31109.0,29
1621,Lancaster,51103.0,51
1622,Lander,32015.0,30
1623,Lane,20101.0,18
1624,Lane,41039.0,40
1625,Langlade,55067.0,54
1626,Lanier,13173.0,11
1627,Lapeer,26087.0,24
1628,Laramie,56021.0,55
1629,Lares,72081.0,42
1630,Larimer,8069.0,6
1631,Larue,21123.0,19
1632,Las Animas,8071.0,6
1633,Las Marias,72083.0,42
1634,Las Piedras,72085.0,42
1635,Lassen,6035.0,5
1636,Latah,16057.0,14
1637,Latimer,40077.0,39
1638,Lauderdale,1077.0,0
1639,Lauderdale,47097.0,46
1640,Lauderdale,28075.0,26
1641,Laurel,21125.0,19
1642,Laurens,13175.0,11
1643,Laurens,45059.0,44
1644,Lavaca,48285.0,47
1645,Lawrence,29109.0,27
1646,Lawrence,21127.0,19
1647,Lawrence,1079.0,0
1648,Lawrence,5075.0,4
1649,Lawrence,18093.0,16
1650,Lawrence,39087.0,38
1651,Lawrence,28077.0,26
1652,Lawrence,46081.0,45
1653,Lawrence,42073.0,41
1654,Lawrence,17101.0,15
1655,Lawrence,47099.0,46
1656,Le Flore,40079.0,39
1657,Le Sueur,27079.0,25
1658,Lea,35025.0,33
1659,Leake,28079.0,26
1660,Leavenworth,20103.0,18
1661,Lebanon,42075.0,41
1662,Lee,13177.0,11
1663,Lee,28081.0,26
1664,Lee,45061.0,44
1665,Lee,5077.0,4
1666,Lee,17103.0,15
1667,Lee,21129.0,19
1668,Lee,37105.0,35
1669,Lee,1081.0,0
1670,Lee,48287.0,47
1671,Lee,12071.0,10
1672,Lee,19111.0,17
1673,Lee,51105.0,51
1674,Leelanau,26089.0,24
1675,Leflore,28083.0,26
1676,Lehigh,42077.0,41
1677,Lemhi,16059.0,14
1678,Lenawee,26091.0,24
1679,Lenoir,37107.0,35
1680,Leon,48289.0,47
1681,Leon,12073.0,10
1682,Leslie,21131.0,19
1683,Letcher,21133.0,19
1684,Levy,12075.0,10
1685,Lewis,47101.0,46
1686,Lewis,53041.0,52
1687,Lewis,54041.0,53
1688,Lewis,16061.0,14
1689,Lewis,36049.0,34
1690,Lewis,29111.0,27
1691,Lewis,21135.0,19
1692,Lewis and Clark,30049.0,28
1693,Lexington,45063.0,44
1694,Lexington city,51678.0,51
1695,Liberty,13179.0,11
1696,Liberty,12077.0,10
1697,Liberty,30051.0,28
1698,Liberty,48291.0,47
1699,Licking,39089.0,38
1700,Limestone,48293.0,47
1701,Limestone,1083.0,0
1702,Lincoln,29113.0,27
1703,Lincoln,47103.0,46
1704,Lincoln,37109.0,35
1705,Lincoln,16063.0,14
1706,Lincoln,54043.0,53
1707,Lincoln,8073.0,6
1708,Lincoln,31111.0,29
1709,Lincoln,27081.0,25
1710,Lincoln,28085.0,26
1711,Lincoln,23015.0,21
1712,Lincoln,22061.0,20
1713,Lincoln,21137.0,19
1714,Lincoln,5079.0,4
1715,Lincoln,13181.0,11
1716,Lincoln,40081.0,39
1717,Lincoln,56023.0,55
1718,Lincoln,55069.0,54
1719,Lincoln,35027.0,33
1720,Lincoln,32017.0,30
1721,Lincoln,41041.0,40
1722,Lincoln,53043.0,52
1723,Lincoln,30053.0,28
1724,Lincoln,46083.0,45
1725,Lincoln,20105.0,18
1726,Linn,29115.0,27
1727,Linn,41043.0,40
1728,Linn,20107.0,18
1729,Linn,19113.0,17
1730,Lipscomb,48295.0,47
1731,Litchfield,9005.0,7
1732,Little River,5081.0,4
1733,Live Oak,48297.0,47
1734,Livingston,26093.0,24
1735,Livingston,22063.0,20
1736,Livingston,29117.0,27
1737,Livingston,36051.0,34
1738,Livingston,17105.0,15
1739,Livingston,21139.0,19
1740,Llano,48299.0,47
1741,Logan,5083.0,4
1742,Logan,38047.0,36
1743,Logan,54045.0,53
1744,Logan,40083.0,39
1745,Logan,20109.0,18
1746,Logan,17107.0,15
1747,Logan,21141.0,19
1748,Logan,8075.0,6
1749,Logan,39091.0,38
1750,Logan,31113.0,29
1751,Loiza,72087.0,42
1752,Long,13183.0,11
1753,Lonoke,5085.0,4
1754,Lorain,39093.0,38
1755,Los Alamos,35028.0,33
1756,Los Angeles,6037.0,5
1757,Loudon,47105.0,46
1758,Loudoun,51107.0,51
1759,Louisa,19115.0,17
1760,Louisa,51109.0,51
1761,Loup,31115.0,29
1762,Love,40085.0,39
1763,Loving,48301.0,47
1764,Lowndes,28087.0,26
1765,Lowndes,13185.0,11
1766,Lowndes,1085.0,0
1767,Lubbock,48303.0,47
1768,Lucas,39095.0,38
1769,Lucas,19117.0,17
1770,Luce,26095.0,24
1771,Lumpkin,13187.0,11
1772,Luna,35029.0,33
1773,Lunenburg,51111.0,51
1774,Luquillo,72089.0,42
1775,Luzerne,42079.0,41
1776,Lycoming,42081.0,41
1777,Lyman,46085.0,45
1778,Lynchburg city,51680.0,51
1779,Lynn,48305.0,47
1780,Lyon,21143.0,19
1781,Lyon,20111.0,18
1782,Lyon,32019.0,30
1783,Lyon,19119.0,17
1784,Lyon,27083.0,25
1785,Mackinac,26097.0,24
1786,Macomb,26099.0,24
1787,Macon,47111.0,46
1788,Macon,1087.0,0
1789,Macon,13193.0,11
1790,Macon,17115.0,15
1791,Macon,29121.0,27
1792,Macon,37113.0,35
1793,Macoupin,17117.0,15
1794,Madera,6039.0,5
1795,Madison,47113.0,46
1796,Madison,39097.0,38
1797,Madison,5087.0,4
1798,Madison,48313.0,47
1799,Madison,37115.0,35
1800,Madison,51113.0,51
1801,Madison,16065.0,14
1802,Madison,21151.0,19
1803,Madison,36053.0,34
1804,Madison,30057.0,28
1805,Madison,28089.0,26
1806,Madison,1089.0,0
1807,Madison,18095.0,16
1808,Madison,29123.0,27
1809,Madison,17119.0,15
1810,Madison,22065.0,20
1811,Madison,12079.0,10
1812,Madison,19121.0,17
1813,Madison,13195.0,11
1814,Madison,31119.0,29
1815,Magoffin,21153.0,19
1816,Mahaska,19123.0,17
1817,Mahnomen,27087.0,25
1818,Mahoning,39099.0,38
1819,Major,40093.0,39
1820,Malheur,41045.0,40
1821,Manassas Park city,51685.0,51
1822,Manassas city,51683.0,51
1823,Manatee,12081.0,10
1824,Manati,72091.0,42
1825,Manistee,26101.0,24
1826,Manitowoc,55071.0,54
1827,Marathon,55073.0,54
1828,Marengo,1091.0,0
1829,Maricao,72093.0,42
1830,Maricopa,4013.0,3
1831,Maries,29125.0,27
1832,Marin,6041.0,5
1833,Marinette,55075.0,54
1834,Marion,48315.0,47
1835,Marion,54049.0,53
1836,Marion,19125.0,17
1837,Marion,28091.0,26
1838,Marion,17121.0,15
1839,Marion,47115.0,46
1840,Marion,5089.0,4
1841,Marion,18097.0,16
1842,Marion,45067.0,44
1843,Marion,1093.0,0
1844,Marion,41047.0,40
1845,Marion,39101.0,38
1846,Marion,13197.0,11
1847,Marion,20115.0,18
1848,Marion,29127.0,27
1849,Marion,12083.0,10
1850,Marion,21155.0,19
1851,Mariposa,6043.0,5
1852,Marlboro,45069.0,44
1853,Marquette,55077.0,54
1854,Marquette,26103.0,24
1855,Marshall,40095.0,39
1856,Marshall,17123.0,15
1857,Marshall,1095.0,0
1858,Marshall,21157.0,19
1859,Marshall,27089.0,25
1860,Marshall,19127.0,17
1861,Marshall,28093.0,26
1862,Marshall,46091.0,45
1863,Marshall,47117.0,46
1864,Marshall,20117.0,18
1865,Marshall,18099.0,16
1866,Marshall,54051.0,53
1867,Martin,18101.0,16
1868,Martin,21159.0,19
1869,Martin,27091.0,25
1870,Martin,12085.0,10
1871,Martin,48317.0,47
1872,Martin,37117.0,35
1873,Martinsville city,51690.0,51
1874,Mason,26105.0,24
1875,Mason,17125.0,15
1876,Mason,54053.0,53
1877,Mason,48319.0,47
1878,Mason,53045.0,52
1879,Mason,21161.0,19
1880,Massac,17127.0,15
1881,Matagorda,48321.0,47
1882,Matanuska-Susitna Borough,2170.0,1
1883,Mathews,51115.0,51
1884,Maui,15009.0,13
1885,Maunabo,72095.0,42
1886,Maury,47119.0,46
1887,Maverick,48323.0,47
1888,Mayaguez,72097.0,42
1889,Mayes,40097.0,39
1890,McClain,40087.0,39
1891,McCone,30055.0,28
1892,McCook,46087.0,45
1893,McCormick,45065.0,44
1894,McCracken,21145.0,19
1895,McCreary,21147.0,19
1896,McCulloch,48307.0,47
1897,McCurtain,40089.0,39
1898,McDonald,29119.0,27
1899,McDonough,17109.0,15
1900,McDowell,37111.0,35
1901,McDowell,54047.0,53
1902,McDuffie,13189.0,11
1903,McHenry,38049.0,36
1904,McHenry,17111.0,15
1905,McIntosh,38051.0,36
1906,McIntosh,40091.0,39
1907,McIntosh,13191.0,11
1908,McKean,42083.0,41
1909,McKenzie,38053.0,36
1910,McKinley,35031.0,33
1911,McLean,17113.0,15
1912,McLean,21149.0,19
1913,McLean,38055.0,36
1914,McLennan,48309.0,47
1915,McLeod,27085.0,25
1916,McMinn,47107.0,46
1917,McMullen,48311.0,47
1918,McNairy,47109.0,46
1919,McPherson,31117.0,29
1920,McPherson,20113.0,18
1921,McPherson,46089.0,45
1922,Meade,20119.0,18
1923,Meade,21163.0,19
1924,Meade,46093.0,45
1925,Meagher,30059.0,28
1926,Mecklenburg,37119.0,35
1927,Mecklenburg,51117.0,51
1928,Mecosta,26107.0,24
1929,Medina,48325.0,47
1930,Medina,39103.0,38
1931,Meeker,27093.0,25
1932,Meigs,39105.0,38
1933,Meigs,47121.0,46
1934,Mellette,46095.0,45
1935,Menard,17129.0,15
1936,Menard,48327.0,47
1937,Mendocino,6045.0,5
1938,Menifee,21165.0,19
1939,Menominee,55078.0,54
1940,Menominee,26109.0,24
1941,Merced,6047.0,5
1942,Mercer,34021.0,32
1943,Mercer,42085.0,41
1944,Mercer,39107.0,38
1945,Mercer,21167.0,19
1946,Mercer,38057.0,36
1947,Mercer,54055.0,53
1948,Mercer,29129.0,27
1949,Mercer,17131.0,15
1950,Meriwether,13199.0,11
1951,Merrick,31121.0,29
1952,Merrimack,33013.0,31
1953,Mesa,8077.0,6
1954,Metcalfe,21169.0,19
1955,Miami,20121.0,18
1956,Miami,18103.0,16
1957,Miami,39109.0,38
1958,Miami-Dade,12086.0,10
1959,Middlesex,51119.0,51
1960,Middlesex,25017.0,23
1961,Middlesex,34023.0,32
1962,Middlesex,9007.0,7
1963,Midland,48329.0,47
1964,Midland,26111.0,24
1965,Mifflin,42087.0,41
1966,Milam,48331.0,47
1967,Millard,49027.0,48
1968,Mille Lacs,27095.0,25
1969,Miller,13201.0,11
1970,Miller,29131.0,27
1971,Miller,5091.0,4
1972,Mills,19129.0,17
1973,Mills,48333.0,47
1974,Milwaukee,55079.0,54
1975,Miner,46097.0,45
1976,Mineral,30061.0,28
1977,Mineral,54057.0,53
1978,Mineral,32021.0,30
1979,Mineral,8079.0,6
1980,Mingo,54059.0,53
1981,Minidoka,16067.0,14
1982,Minnehaha,46099.0,45
1983,Missaukee,26113.0,24
1984,Mississippi,5093.0,4
1985,Mississippi,29133.0,27
1986,Missoula,30063.0,28
1987,Mitchell,13205.0,11
1988,Mitchell,19131.0,17
1989,Mitchell,48335.0,47
1990,Mitchell,37121.0,35
1991,Mitchell,20123.0,18
1992,Mobile,1097.0,0
1993,Moca,72099.0,42
1994,Modoc,6049.0,5
1995,Moffat,8081.0,6
1996,Mohave,4015.0,3
1997,Moniteau,29135.0,27
1998,Monmouth,34025.0,32
1999,Mono,6051.0,5
2000,Monona,19133.0,17
2001,Monongalia,54061.0,53
2002,Monroe,21171.0,19
2003,Monroe,18105.0,16
2004,Monroe,29137.0,27
2005,Monroe,28095.0,26
2006,Monroe,5095.0,4
2007,Monroe,1099.0,0
2008,Monroe,17133.0,15
2009,Monroe,26115.0,24
2010,Monroe,12087.0,10
2011,Monroe,55081.0,54
2012,Monroe,36055.0,34
2013,Monroe,42089.0,41
2014,Monroe,47123.0,46
2015,Monroe,13207.0,11
2016,Monroe,19135.0,17
2017,Monroe,54063.0,53
2018,Monroe,39111.0,38
2019,Montague,48337.0,47
2020,Montcalm,26117.0,24
2021,Monterey,6053.0,5
2022,Montezuma,8083.0,6
2023,Montgomery,51121.0,51
2024,Montgomery,1101.0,0
2025,Montgomery,17135.0,15
2026,Montgomery,29139.0,27
2027,Montgomery,21173.0,19
2028,Montgomery,48339.0,47
2029,Montgomery,5097.0,4
2030,Montgomery,36057.0,34
2031,Montgomery,28097.0,26
2032,Montgomery,47125.0,46
2033,Montgomery,13209.0,11
2034,Montgomery,19137.0,17
2035,Montgomery,37123.0,35
2036,Montgomery,39113.0,38
2037,Montgomery,20125.0,18
2038,Montgomery,24031.0,22
2039,Montgomery,18107.0,16
2040,Montgomery,42091.0,41
2041,Montmorency,26119.0,24
2042,Montour,42093.0,41
2043,Montrose,8085.0,6
2044,Moody,46101.0,45
2045,Moore,48341.0,47
2046,Moore,37125.0,35
2047,Moore,47127.0,46
2048,Mora,35033.0,33
2049,Morehouse,22067.0,20
2050,Morgan,18109.0,16
2051,Morgan,54065.0,53
2052,Morgan,17137.0,15
2053,Morgan,13211.0,11
2054,Morgan,47129.0,46
2055,Morgan,21175.0,19
2056,Morgan,49029.0,48
2057,Morgan,1103.0,0
2058,Morgan,29141.0,27
2059,Morgan,39115.0,38
2060,Morgan,8087.0,6
2061,Morovis,72101.0,42
2062,Morrill,31123.0,29
2063,Morris,34027.0,32
2064,Morris,20127.0,18
2065,Morris,48343.0,47
2066,Morrison,27097.0,25
2067,Morrow,41049.0,40
2068,Morrow,39117.0,38
2069,Morton,38059.0,36
2070,Morton,20129.0,18
2071,Motley,48345.0,47
2072,Moultrie,17139.0,15
2073,Mountrail,38061.0,36
2074,Mower,27099.0,25
2075,Muhlenberg,21177.0,19
2076,Multnomah,41051.0,40
2077,Murray,27101.0,25
2078,Murray,40099.0,39
2079,Murray,13213.0,11
2080,Muscatine,19139.0,17
2081,Muscogee,13215.0,11
2082,Muskegon,26121.0,24
2083,Muskingum,39119.0,38
2084,Muskogee,40101.0,39
2085,Musselshell,30065.0,28
2086,Nacogdoches,48347.0,47
2087,Naguabo,72103.0,42
2088,Nance,31125.0,29
2089,Nantucket,25019.0,23
2090,Napa,6055.0,5
2091,Naranjito,72105.0,42
2092,Nash,37127.0,35
2093,Nassau,36059.0,34
2094,Nassau,12089.0,10
2095,Natchitoches,22069.0,20
2096,Natrona,56025.0,55
2097,Navajo,4017.0,3
2098,Navarro,48349.0,47
2099,Nelson,51125.0,51
2100,Nelson,21179.0,19
2101,Nelson,38063.0,36
2102,Nemaha,20131.0,18
2103,Nemaha,31127.0,29
2104,Neosho,20133.0,18
2105,Neshoba,28099.0,26
2106,Ness,20135.0,18
2107,Nevada,6057.0,5
2108,Nevada,5099.0,4
2109,New Castle,10003.0,8
2110,New Hanover,37129.0,35
2111,New Haven,9009.0,7
2112,New Kent,51127.0,51
2113,New London,9011.0,7
2114,New Madrid,29143.0,27
2115,New York City,,34
2116,Newaygo,26123.0,24
2117,Newberry,45071.0,44
2118,Newport,44005.0,43
2119,Newport News city,51700.0,51
2120,Newton,48351.0,47
2121,Newton,18111.0,16
2122,Newton,5101.0,4
2123,Newton,29145.0,27
2124,Newton,28101.0,26
2125,Newton,13217.0,11
2126,Nez Perce,16069.0,14
2127,Niagara,36063.0,34
2128,Nicholas,54067.0,53
2129,Nicholas,21181.0,19
2130,Nicollet,27103.0,25
2131,Niobrara,56027.0,55
2132,Noble,18113.0,16
2133,Noble,39121.0,38
2134,Noble,40103.0,39
2135,Nobles,27105.0,25
2136,Nodaway,29147.0,27
2137,Nolan,48353.0,47
2138,Nome Census Area,2180.0,1
2139,Norfolk,25021.0,23
2140,Norfolk city,51710.0,51
2141,Norman,27107.0,25
2142,North Slope Borough,2185.0,1
2143,Northampton,42095.0,41
2144,Northampton,51131.0,51
2145,Northampton,37131.0,35
2146,Northumberland,51133.0,51
2147,Northumberland,42097.0,41
2148,Northwest Arctic Borough,2188.0,1
2149,Norton,20137.0,18
2150,Norton city,51720.0,51
2151,Nottoway,51135.0,51
2152,Nowata,40105.0,39
2153,Noxubee,28103.0,26
2154,Nuckolls,31129.0,29
2155,Nueces,48355.0,47
2156,Nye,32023.0,30
2157,O'Brien,19141.0,17
2158,Oakland,26125.0,24
2159,Obion,47131.0,46
2160,Ocean,34029.0,32
2161,Oceana,26127.0,24
2162,Ochiltree,48357.0,47
2163,Oconee,45073.0,44
2164,Oconee,13219.0,11
2165,Oconto,55083.0,54
2166,Ogemaw,26129.0,24
2167,Oglala Lakota,46102.0,45
2168,Ogle,17141.0,15
2169,Oglethorpe,13221.0,11
2170,Ohio,54069.0,53
2171,Ohio,18115.0,16
2172,Ohio,21183.0,19
2173,Okaloosa,12091.0,10
2174,Okanogan,53047.0,52
2175,Okeechobee,12093.0,10
2176,Okfuskee,40107.0,39
2177,Oklahoma,40109.0,39
2178,Okmulgee,40111.0,39
2179,Oktibbeha,28105.0,26
2180,Oldham,48359.0,47
2181,Oldham,21185.0,19
2182,Oliver,38065.0,36
2183,Olmsted,27109.0,25
2184,Oneida,55085.0,54
2185,Oneida,16071.0,14
2186,Oneida,36065.0,34
2187,Onondaga,36067.0,34
2188,Onslow,37133.0,35
2189,Ontario,36069.0,34
2190,Ontonagon,26131.0,24
2191,Orange,36071.0,34
2192,Orange,6059.0,5
2193,Orange,37135.0,35
2194,Orange,51137.0,51
2195,Orange,12095.0,10
2196,Orange,50017.0,49
2197,Orange,48361.0,47
2198,Orange,18117.0,16
2199,Orangeburg,45075.0,44
2200,Oregon,29149.0,27
2201,Orleans,36073.0,34
2202,Orleans,50019.0,49
2203,Orleans,22071.0,20
2204,Orocovis,72107.0,42
2205,Osage,40113.0,39
2206,Osage,29151.0,27
2207,Osage,20139.0,18
2208,Osborne,20141.0,18
2209,Osceola,19143.0,17
2210,Osceola,26133.0,24
2211,Osceola,12097.0,10
2212,Oscoda,26135.0,24
2213,Oswego,36075.0,34
2214,Otero,8089.0,6
2215,Otero,35035.0,33
2216,Otoe,31131.0,29
2217,Otsego,36077.0,34
2218,Otsego,26137.0,24
2219,Ottawa,39123.0,38
2220,Ottawa,20143.0,18
2221,Ottawa,26139.0,24
2222,Ottawa,40115.0,39
2223,Otter Tail,27111.0,25
2224,Ouachita,5103.0,4
2225,Ouachita,22073.0,20
2226,Ouray,8091.0,6
2227,Outagamie,55087.0,54
2228,Overton,47133.0,46
2229,Owen,21187.0,19
2230,Owen,18119.0,16
2231,Owsley,21189.0,19
2232,Owyhee,16073.0,14
2233,Oxford,23017.0,21
2234,Ozark,29153.0,27
2235,Ozaukee,55089.0,54
2236,Pacific,53049.0,52
2237,Page,19145.0,17
2238,Page,51139.0,51
2239,Palm Beach,12099.0,10
2240,Palo Alto,19147.0,17
2241,Palo Pinto,48363.0,47
2242,Pamlico,37137.0,35
2243,Panola,28107.0,26
2244,Panola,48365.0,47
2245,Park,56029.0,55
2246,Park,30067.0,28
2247,Park,8093.0,6
2248,Parke,18121.0,16
2249,Parker,48367.0,47
2250,Parmer,48369.0,47
2251,Pasco,12101.0,10
2252,Pasquotank,37139.0,35
2253,Passaic,34031.0,32
2254,Patillas,72109.0,42
2255,Patrick,51141.0,51
2256,Paulding,13223.0,11
2257,Paulding,39125.0,38
2258,Pawnee,20145.0,18
2259,Pawnee,31133.0,29
2260,Pawnee,40117.0,39
2261,Payette,16075.0,14
2262,Payne,40119.0,39
2263,Peach,13225.0,11
2264,Pearl River,28109.0,26
2265,Pecos,48371.0,47
2266,Pembina,38067.0,36
2267,Pemiscot,29155.0,27
2268,Pend Oreille,53051.0,52
2269,Pender,37141.0,35
2270,Pendleton,21191.0,19
2271,Pendleton,54071.0,53
2272,Pennington,27113.0,25
2273,Pennington,46103.0,45
2274,Penobscot,23019.0,21
2275,Penuelas,72111.0,42
2276,Peoria,17143.0,15
2277,Pepin,55091.0,54
2278,Perkins,46105.0,45
2279,Perkins,31135.0,29
2280,Perquimans,37143.0,35
2281,Perry,17145.0,15
2282,Perry,28111.0,26
2283,Perry,39127.0,38
2284,Perry,5105.0,4
2285,Perry,47135.0,46
2286,Perry,18123.0,16
2287,Perry,29157.0,27
2288,Perry,21193.0,19
2289,Perry,42099.0,41
2290,Perry,1105.0,0
2291,Pershing,32027.0,30
2292,Person,37145.0,35
2293,Petersburg Borough,2195.0,1
2294,Petersburg city,51730.0,51
2295,Petroleum,30069.0,28
2296,Pettis,29159.0,27
2297,Phelps,29161.0,27
2298,Phelps,31137.0,29
2299,Philadelphia,42101.0,41
2300,Phillips,5107.0,4
2301,Phillips,20147.0,18
2302,Phillips,8095.0,6
2303,Phillips,30071.0,28
2304,Piatt,17147.0,15
2305,Pickaway,39129.0,38
2306,Pickens,1107.0,0
2307,Pickens,45077.0,44
2308,Pickens,13227.0,11
2309,Pickett,47137.0,46
2310,Pierce,55093.0,54
2311,Pierce,13229.0,11
2312,Pierce,31139.0,29
2313,Pierce,38069.0,36
2314,Pierce,53053.0,52
2315,Pike,29163.0,27
2316,Pike,18125.0,16
2317,Pike,1109.0,0
2318,Pike,17149.0,15
2319,Pike,28113.0,26
2320,Pike,21195.0,19
2321,Pike,39131.0,38
2322,Pike,5109.0,4
2323,Pike,13231.0,11
2324,Pike,42103.0,41
2325,Pima,4019.0,3
2326,Pinal,4021.0,3
2327,Pine,27115.0,25
2328,Pinellas,12103.0,10
2329,Pipestone,27117.0,25
2330,Piscataquis,23021.0,21
2331,Pitkin,8097.0,6
2332,Pitt,37147.0,35
2333,Pittsburg,40121.0,39
2334,Pittsylvania,51143.0,51
2335,Piute,49031.0,48
2336,Placer,6061.0,5
2337,Plaquemines,22075.0,20
2338,Platte,56031.0,55
2339,Platte,31141.0,29
2340,Platte,29165.0,27
2341,Pleasants,54073.0,53
2342,Plumas,6063.0,5
2343,Plymouth,25023.0,23
2344,Plymouth,19149.0,17
2345,Pocahontas,54075.0,53
2346,Pocahontas,19151.0,17
2347,Poinsett,5111.0,4
2348,Pointe Coupee,22077.0,20
2349,Polk,37149.0,35
2350,Polk,29167.0,27
2351,Polk,27119.0,25
2352,Polk,12105.0,10
2353,Polk,13233.0,11
2354,Polk,48373.0,47
2355,Polk,31143.0,29
2356,Polk,41053.0,40
2357,Polk,19153.0,17
2358,Polk,47139.0,46
2359,Polk,55095.0,54
2360,Polk,5113.0,4
2361,Ponce,72113.0,42
2362,Pondera,30073.0,28
2363,Pontotoc,28115.0,26
2364,Pontotoc,40123.0,39
2365,Pope,27121.0,25
2366,Pope,17151.0,15
2367,Pope,5115.0,4
2368,Poquoson city,51735.0,51
2369,Portage,55097.0,54
2370,Portage,39133.0,38
2371,Porter,18127.0,16
2372,Portsmouth city,51740.0,51
2373,Posey,18129.0,16
2374,Pottawatomie,20149.0,18
2375,Pottawatomie,40125.0,39
2376,Pottawattamie,19155.0,17
2377,Potter,48375.0,47
2378,Potter,42105.0,41
2379,Potter,46107.0,45
2380,Powder River,30075.0,28
2381,Powell,30077.0,28
2382,Powell,21197.0,19
2383,Power,16077.0,14
2384,Poweshiek,19157.0,17
2385,Powhatan,51145.0,51
2386,Prairie,5117.0,4
2387,Prairie,30079.0,28
2388,Pratt,20151.0,18
2389,Preble,39135.0,38
2390,Prentiss,28117.0,26
2391,Presidio,48377.0,47
2392,Presque Isle,26141.0,24
2393,Preston,54077.0,53
2394,Price,55099.0,54
2395,Prince Edward,51147.0,51
2396,Prince George,51149.0,51
2397,Prince George's,24033.0,22
2398,Prince William,51153.0,51
2399,Prince of Wales-Hyder Census Area,2198.0,1
2400,Providence,44007.0,43
2401,Prowers,8099.0,6
2402,Pueblo,8101.0,6
2403,Pulaski,29169.0,27
2404,Pulaski,17153.0,15
2405,Pulaski,21199.0,19
2406,Pulaski,18131.0,16
2407,Pulaski,51155.0,51
2408,Pulaski,5119.0,4
2409,Pulaski,13235.0,11
2410,Pushmataha,40127.0,39
2411,Putnam,18133.0,16
2412,Putnam,12107.0,10
2413,Putnam,17155.0,15
2414,Putnam,54079.0,53
2415,Putnam,39137.0,38
2416,Putnam,13237.0,11
2417,Putnam,29171.0,27
2418,Putnam,47141.0,46
2419,Putnam,36079.0,34
2420,Quay,35037.0,33
2421,Quebradillas,72115.0,42
2422,Queen Anne's,24035.0,22
2423,Quitman,13239.0,11
2424,Quitman,28119.0,26
2425,Rabun,13241.0,11
2426,Racine,55101.0,54
2427,Radford city,51750.0,51
2428,Rains,48379.0,47
2429,Raleigh,54081.0,53
2430,Ralls,29173.0,27
2431,Ramsey,38071.0,36
2432,Ramsey,27123.0,25
2433,Randall,48381.0,47
2434,Randolph,5121.0,4
2435,Randolph,13243.0,11
2436,Randolph,1111.0,0
2437,Randolph,17157.0,15
2438,Randolph,18135.0,16
2439,Randolph,54083.0,53
2440,Randolph,37151.0,35
2441,Randolph,29175.0,27
2442,Rankin,28121.0,26
2443,Ransom,38073.0,36
2444,Rapides,22079.0,20
2445,Rappahannock,51157.0,51
2446,Ravalli,30081.0,28
2447,Rawlins,20153.0,18
2448,Ray,29177.0,27
2449,Reagan,48383.0,47
2450,Real,48385.0,47
2451,Red Lake,27125.0,25
2452,Red River,48387.0,47
2453,Red River,22081.0,20
2454,Red Willow,31145.0,29
2455,Redwood,27127.0,25
2456,Reeves,48389.0,47
2457,Refugio,48391.0,47
2458,Reno,20155.0,18
2459,Rensselaer,36083.0,34
2460,Renville,27129.0,25
2461,Renville,38075.0,36
2462,Republic,20157.0,18
2463,Reynolds,29179.0,27
2464,Rhea,47143.0,46
2465,Rice,20159.0,18
2466,Rice,27131.0,25
2467,Rich,49033.0,48
2468,Richardson,31147.0,29
2469,Richland,55103.0,54
2470,Richland,38077.0,36
2471,Richland,22083.0,20
2472,Richland,39139.0,38
2473,Richland,17159.0,15
2474,Richland,45079.0,44
2475,Richland,30083.0,28
2476,Richmond,37153.0,35
2477,Richmond,13245.0,11
2478,Richmond,51159.0,51
2479,Richmond city,51760.0,51
2480,Riley,20161.0,18
2481,Rincon,72117.0,42
2482,Ringgold,19159.0,17
2483,Rio Arriba,35039.0,33
2484,Rio Blanco,8103.0,6
2485,Rio Grande,8105.0,6
2486,Rio Grande,72119.0,42
2487,Ripley,29181.0,27
2488,Ripley,18137.0,16
2489,Ritchie,54085.0,53
2490,Riverside,6065.0,5
2491,Roane,47145.0,46
2492,Roane,54087.0,53
2493,Roanoke,51161.0,51
2494,Roanoke city,51770.0,51
2495,Roberts,48393.0,47
2496,Roberts,46109.0,45
2497,Robertson,21201.0,19
2498,Robertson,47147.0,46
2499,Robertson,48395.0,47
2500,Robeson,37155.0,35
2501,Rock,31149.0,29
2502,Rock,27133.0,25
2503,Rock,55105.0,54
2504,Rock Island,17161.0,15
2505,Rockbridge,51163.0,51
2506,Rockcastle,21203.0,19
2507,Rockdale,13247.0,11
2508,Rockingham,33015.0,31
2509,Rockingham,51165.0,51
2510,Rockingham,37157.0,35
2511,Rockland,36087.0,34
2512,Rockwall,48397.0,47
2513,Roger Mills,40129.0,39
2514,Rogers,40131.0,39
2515,Rolette,38079.0,36
2516,Rooks,20163.0,18
2517,Roosevelt,35041.0,33
2518,Roosevelt,30085.0,28
2519,Roscommon,26143.0,24
2520,Roseau,27135.0,25
2521,Rosebud,30087.0,28
2522,Ross,39141.0,38
2523,Routt,8107.0,6
2524,Rowan,37159.0,35
2525,Rowan,21205.0,19
2526,Runnels,48399.0,47
2527,Rush,20165.0,18
2528,Rush,18139.0,16
2529,Rusk,55107.0,54
2530,Rusk,48401.0,47
2531,Russell,1113.0,0
2532,Russell,20167.0,18
2533,Russell,21207.0,19
2534,Russell,51167.0,51
2535,Rutherford,47149.0,46
2536,Rutherford,37161.0,35
2537,Rutland,50021.0,49
2538,Sabana Grande,72121.0,42
2539,Sabine,22085.0,20
2540,Sabine,48403.0,47
2541,Sac,19161.0,17
2542,Sacramento,6067.0,5
2543,Sagadahoc,23023.0,21
2544,Saginaw,26145.0,24
2545,Saguache,8109.0,6
2546,Saipan,69110.0,37
2547,Salem,34033.0,32
2548,Salem city,51775.0,51
2549,Salinas,72123.0,42
2550,Saline,29195.0,27
2551,Saline,5125.0,4
2552,Saline,17165.0,15
2553,Saline,20169.0,18
2554,Saline,31151.0,29
2555,Salt Lake,49035.0,48
2556,Saluda,45081.0,44
2557,Sampson,37163.0,35
2558,San Augustine,48405.0,47
2559,San Benito,6069.0,5
2560,San Bernardino,6071.0,5
2561,San Diego,6073.0,5
2562,San Francisco,6075.0,5
2563,San German,72125.0,42
2564,San Jacinto,48407.0,47
2565,San Joaquin,6077.0,5
2566,San Juan,35045.0,33
2567,San Juan,53055.0,52
2568,San Juan,72127.0,42
2569,San Juan,49037.0,48
2570,San Juan,8111.0,6
2571,San Lorenzo,72129.0,42
2572,San Luis Obispo,6079.0,5
2573,San Mateo,6081.0,5
2574,San Miguel,35047.0,33
2575,San Miguel,8113.0,6
2576,San Patricio,48409.0,47
2577,San Saba,48411.0,47
2578,San Sebastian,72131.0,42
2579,Sanborn,46111.0,45
2580,Sanders,30089.0,28
2581,Sandoval,35043.0,33
2582,Sandusky,39143.0,38
2583,Sangamon,17167.0,15
2584,Sanilac,26151.0,24
2585,Sanpete,49039.0,48
2586,Santa Barbara,6083.0,5
2587,Santa Clara,6085.0,5
2588,Santa Cruz,4023.0,3
2589,Santa Cruz,6087.0,5
2590,Santa Fe,35049.0,33
2591,Santa Isabel,72133.0,42
2592,Santa Rosa,12113.0,10
2593,Sarasota,12115.0,10
2594,Saratoga,36091.0,34
2595,Sargent,38081.0,36
2596,Sarpy,31153.0,29
2597,Sauk,55111.0,54
2598,Saunders,31155.0,29
2599,Sawyer,55113.0,54
2600,Schenectady,36093.0,34
2601,Schleicher,48413.0,47
2602,Schley,13249.0,11
2603,Schoharie,36095.0,34
2604,Schoolcraft,26153.0,24
2605,Schuyler,17169.0,15
2606,Schuyler,29197.0,27
2607,Schuyler,36097.0,34
2608,Schuylkill,42107.0,41
2609,Scioto,39145.0,38
2610,Scotland,37165.0,35
2611,Scotland,29199.0,27
2612,Scott,19163.0,17
2613,Scott,28123.0,26
2614,Scott,17171.0,15
2615,Scott,51169.0,51
2616,Scott,21209.0,19
2617,Scott,27139.0,25
2618,Scott,5127.0,4
2619,Scott,47151.0,46
2620,Scott,29201.0,27
2621,Scott,20171.0,18
2622,Scott,18143.0,16
2623,Scotts Bluff,31157.0,29
2624,Screven,13251.0,11
2625,Scurry,48415.0,47
2626,Searcy,5129.0,4
2627,Sebastian,5131.0,4
2628,Sedgwick,8115.0,6
2629,Sedgwick,20173.0,18
2630,Seminole,40133.0,39
2631,Seminole,12117.0,10
2632,Seminole,13253.0,11
2633,Seneca,39147.0,38
2634,Seneca,36099.0,34
2635,Sequatchie,47153.0,46
2636,Sequoyah,40135.0,39
2637,Sevier,47155.0,46
2638,Sevier,5133.0,4
2639,Sevier,49041.0,48
2640,Seward,31159.0,29
2641,Seward,20175.0,18
2642,Shackelford,48417.0,47
2643,Shannon,29203.0,27
2644,Sharkey,28125.0,26
2645,Sharp,5135.0,4
2646,Shasta,6089.0,5
2647,Shawano,55115.0,54
2648,Shawnee,20177.0,18
2649,Sheboygan,55117.0,54
2650,Shelby,18145.0,16
2651,Shelby,29205.0,27
2652,Shelby,17173.0,15
2653,Shelby,1117.0,0
2654,Shelby,47157.0,46
2655,Shelby,19165.0,17
2656,Shelby,39149.0,38
2657,Shelby,48419.0,47
2658,Shelby,21211.0,19
2659,Shenandoah,51171.0,51
2660,Sherburne,27141.0,25
2661,Sheridan,30091.0,28
2662,Sheridan,20179.0,18
2663,Sheridan,38083.0,36
2664,Sheridan,56033.0,55
2665,Sheridan,31161.0,29
2666,Sherman,20181.0,18
2667,Sherman,41055.0,40
2668,Sherman,48421.0,47
2669,Sherman,31163.0,29
2670,Shiawassee,26155.0,24
2671,Shoshone,16079.0,14
2672,Sibley,27143.0,25
2673,Sierra,35051.0,33
2674,Sierra,6091.0,5
2675,Silver Bow,30093.0,28
2676,Simpson,21213.0,19
2677,Simpson,28127.0,26
2678,Sioux,38085.0,36
2679,Sioux,19167.0,17
2680,Sioux,31165.0,29
2681,Siskiyou,6093.0,5
2682,Sitka City and Borough,2220.0,1
2683,Skagit,53057.0,52
2684,Skagway Municipality,2230.0,1
2685,Skamania,53059.0,52
2686,Slope,38087.0,36
2687,Smith,20183.0,18
2688,Smith,48423.0,47
2689,Smith,47159.0,46
2690,Smith,28129.0,26
2691,Smyth,51173.0,51
2692,Snohomish,53061.0,52
2693,Snyder,42109.0,41
2694,Socorro,35053.0,33
2695,Solano,6095.0,5
2696,Somerset,24039.0,22
2697,Somerset,34035.0,32
2698,Somerset,23025.0,21
2699,Somerset,42111.0,41
2700,Somervell,48425.0,47
2701,Sonoma,6097.0,5
2702,Southampton,51175.0,51
2703,Southeast Fairbanks Census Area,2240.0,1
2704,Spalding,13255.0,11
2705,Spartanburg,45083.0,44
2706,Spencer,21215.0,19
2707,Spencer,18147.0,16
2708,Spink,46115.0,45
2709,Spokane,53063.0,52
2710,Spotsylvania,51177.0,51
2711,St. Bernard,22087.0,20
2712,St. Charles,22089.0,20
2713,St. Charles,29183.0,27
2714,St. Clair,29185.0,27
2715,St. Clair,1115.0,0
2716,St. Clair,17163.0,15
2717,St. Clair,26147.0,24
2718,St. Croix,78010.0,50
2719,St. Croix,55109.0,54
2720,St. Francis,5123.0,4
2721,St. Francois,29187.0,27
2722,St. Helena,22091.0,20
2723,St. James,22093.0,20
2724,St. John,78020.0,50
2725,St. John the Baptist,22095.0,20
2726,St. Johns,12109.0,10
2727,St. Joseph,18141.0,16
2728,St. Joseph,26149.0,24
2729,St. Landry,22097.0,20
2730,St. Lawrence,36089.0,34
2731,St. Louis,29189.0,27
2732,St. Louis,27137.0,25
2733,St. Louis city,29510.0,27
2734,St. Lucie,12111.0,10
2735,St. Martin,22099.0,20
2736,St. Mary,22101.0,20
2737,St. Mary's,24037.0,22
2738,St. Tammany,22103.0,20
2739,St. Thomas,78030.0,50
2740,Stafford,20185.0,18
2741,Stafford,51179.0,51
2742,Stanislaus,6099.0,5
2743,Stanley,46117.0,45
2744,Stanly,37167.0,35
2745,Stanton,20187.0,18
2746,Stanton,31167.0,29
2747,Stark,38089.0,36
2748,Stark,39151.0,38
2749,Stark,17175.0,15
2750,Starke,18149.0,16
2751,Starr,48427.0,47
2752,Staunton city,51790.0,51
2753,Ste. Genevieve,29186.0,27
2754,Stearns,27145.0,25
2755,Steele,27147.0,25
2756,Steele,38091.0,36
2757,Stephens,48429.0,47
2758,Stephens,40137.0,39
2759,Stephens,13257.0,11
2760,Stephenson,17177.0,15
2761,Sterling,48431.0,47
2762,Steuben,36101.0,34
2763,Steuben,18151.0,16
2764,Stevens,27149.0,25
2765,Stevens,53065.0,52
2766,Stevens,20189.0,18
2767,Stewart,13259.0,11
2768,Stewart,47161.0,46
2769,Stillwater,30095.0,28
2770,Stoddard,29207.0,27
2771,Stokes,37169.0,35
2772,Stone,29209.0,27
2773,Stone,28131.0,26
2774,Stone,5137.0,4
2775,Stonewall,48433.0,47
2776,Storey,32029.0,30
2777,Story,19169.0,17
2778,Strafford,33017.0,31
2779,Stutsman,38093.0,36
2780,Sublette,56035.0,55
2781,Suffolk,25025.0,23
2782,Suffolk,36103.0,34
2783,Suffolk city,51800.0,51
2784,Sullivan,33019.0,31
2785,Sullivan,29211.0,27
2786,Sullivan,42113.0,41
2787,Sullivan,18153.0,16
2788,Sullivan,36105.0,34
2789,Sullivan,47163.0,46
2790,Sully,46119.0,45
2791,Summers,54089.0,53
2792,Summit,8117.0,6
2793,Summit,39153.0,38
2794,Summit,49043.0,48
2795,Sumner,20191.0,18
2796,Sumner,47165.0,46
2797,Sumter,1119.0,0
2798,Sumter,45085.0,44
2799,Sumter,13261.0,11
2800,Sumter,12119.0,10
2801,Sunflower,28133.0,26
2802,Surry,37171.0,35
2803,Surry,51181.0,51
2804,Susquehanna,42115.0,41
2805,Sussex,34037.0,32
2806,Sussex,10005.0,8
2807,Sussex,51183.0,51
2808,Sutter,6101.0,5
2809,Sutton,48435.0,47
2810,Suwannee,12121.0,10
2811,Swain,37173.0,35
2812,Sweet Grass,30097.0,28
2813,Sweetwater,56037.0,55
2814,Swift,27151.0,25
2815,Swisher,48437.0,47
2816,Switzerland,18155.0,16
2817,Talbot,24041.0,22
2818,Talbot,13263.0,11
2819,Taliaferro,13265.0,11
2820,Talladega,1121.0,0
2821,Tallahatchie,28135.0,26
2822,Tallapoosa,1123.0,0
2823,Tama,19171.0,17
2824,Taney,29213.0,27
2825,Tangipahoa,22105.0,20
2826,Taos,35055.0,33
2827,Tarrant,48439.0,47
2828,Tate,28137.0,26
2829,Tattnall,13267.0,11
2830,Taylor,54091.0,53
2831,Taylor,21217.0,19
2832,Taylor,12123.0,10
2833,Taylor,13269.0,11
2834,Taylor,19173.0,17
2835,Taylor,55119.0,54
2836,Taylor,48441.0,47
2837,Tazewell,17179.0,15
2838,Tazewell,51185.0,51
2839,Tehama,6103.0,5
2840,Telfair,13271.0,11
2841,Teller,8119.0,6
2842,Tensas,22107.0,20
2843,Terrebonne,22109.0,20
2844,Terrell,48443.0,47
2845,Terrell,13273.0,11
2846,Terry,48445.0,47
2847,Teton,30099.0,28
2848,Teton,16081.0,14
2849,Teton,56039.0,55
2850,Texas,29215.0,27
2851,Texas,40139.0,39
2852,Thayer,31169.0,29
2853,Thomas,31171.0,29
2854,Thomas,20193.0,18
2855,Thomas,13275.0,11
2856,Throckmorton,48447.0,47
2857,Thurston,53067.0,52
2858,Thurston,31173.0,29
2859,Tift,13277.0,11
2860,Tillamook,41057.0,40
2861,Tillman,40141.0,39
2862,Tinian,69120.0,37
2863,Tioga,36107.0,34
2864,Tioga,42117.0,41
2865,Tippah,28139.0,26
2866,Tippecanoe,18157.0,16
2867,Tipton,47167.0,46
2868,Tipton,18159.0,16
2869,Tishomingo,28141.0,26
2870,Titus,48449.0,47
2871,Toa Alta,72135.0,42
2872,Toa Baja,72137.0,42
2873,Todd,27153.0,25
2874,Todd,46121.0,45
2875,Todd,21219.0,19
2876,Tolland,9013.0,7
2877,Tom Green,48451.0,47
2878,Tompkins,36109.0,34
2879,Tooele,49045.0,48
2880,Toole,30101.0,28
2881,Toombs,13279.0,11
2882,Torrance,35057.0,33
2883,Towner,38095.0,36
2884,Towns,13281.0,11
2885,Traill,38097.0,36
2886,Transylvania,37175.0,35
2887,Traverse,27155.0,25
2888,Travis,48453.0,47
2889,Treasure,30103.0,28
2890,Trego,20195.0,18
2891,Trempealeau,55121.0,54
2892,Treutlen,13283.0,11
2893,Trigg,21221.0,19
2894,Trimble,21223.0,19
2895,Trinity,48455.0,47
2896,Trinity,6105.0,5
2897,Tripp,46123.0,45
2898,Troup,13285.0,11
2899,Trousdale,47169.0,46
2900,Trujillo Alto,72139.0,42
2901,Trumbull,39155.0,38
2902,Tucker,54093.0,53
2903,Tulare,6107.0,5
2904,Tulsa,40143.0,39
2905,Tunica,28143.0,26
2906,Tuolumne,6109.0,5
2907,Turner,13287.0,11
2908,Turner,46125.0,45
2909,Tuscaloosa,1125.0,0
2910,Tuscarawas,39157.0,38
2911,Tuscola,26157.0,24
2912,Twiggs,13289.0,11
2913,Twin Falls,16083.0,14
2914,Tyler,48457.0,47
2915,Tyler,54095.0,53
2916,Tyrrell,37177.0,35
2917,Uinta,56041.0,55
2918,Uintah,49047.0,48
2919,Ulster,36111.0,34
2920,Umatilla,41059.0,40
2921,Unicoi,47171.0,46
2922,Union,34039.0,32
2923,Union,47173.0,46
2924,Union,18161.0,16
2925,Union,45087.0,44
2926,Union,21225.0,19
2927,Union,35059.0,33
2928,Union,5139.0,4
2929,Union,13291.0,11
2930,Union,12125.0,10
2931,Union,28145.0,26
2932,Union,39159.0,38
2933,Union,46127.0,45
2934,Union,17181.0,15
2935,Union,37179.0,35
2936,Union,22111.0,20
2937,Union,41061.0,40
2938,Union,42119.0,41
2939,Union,19175.0,17
2940,Unknown,,13
2941,Unknown,,14
2942,Unknown,,18
2943,Unknown,,3
2944,Unknown,,38
2945,Unknown,,46
2946,Unknown,,45
2947,Unknown,,40
2948,Unknown,,7
2949,Unknown,,54
2950,Unknown,,37
2951,Unknown,,31
2952,Unknown,,15
2953,Unknown,,49
2954,Unknown,,5
2955,Unknown,,21
2956,Unknown,,6
2957,Unknown,,32
2958,Unknown,,34
2959,Unknown,,10
2960,Unknown,,23
2961,Unknown,,30
2962,Unknown,,29
2963,Unknown,,28
2964,Unknown,,44
2965,Unknown,,12
2966,Unknown,,43
2967,Unknown,,19
2968,Unknown,,25
2969,Unknown,,42
2970,Unknown,,48
2971,Unknown,,16
2972,Unknown,,17
2973,Unknown,,4
2974,Unknown,,22
2975,Unknown,,33
2976,Unknown,,26
2977,Unknown,,20
2978,Unknown,,47
2979,Unknown,,1
2980,Unknown,,36
2981,Unknown,,51
2982,Unknown,,27
2983,Unknown,,53
2984,Unknown,,55
2985,Unknown,,24
2986,Unknown,,39
2987,Unknown,,41
2988,Unknown,,8
2989,Unknown,,52
2990,Unknown,,11
2991,Unknown,,50
2992,Upshur,54097.0,53
2993,Upshur,48459.0,47
2994,Upson,13293.0,11
2995,Upton,48461.0,47
2996,Utah,49049.0,48
2997,Utuado,72141.0,42
2998,Uvalde,48463.0,47
2999,Val Verde,48465.0,47
3000,Valdez-Cordova Census Area,2261.0,1
3001,Valencia,35061.0,33
3002,Valley,30105.0,28
3003,Valley,31175.0,29
3004,Valley,16085.0,14
3005,Van Buren,26159.0,24
3006,Van Buren,19177.0,17
3007,Van Buren,5141.0,4
3008,Van Buren,47175.0,46
3009,Van Wert,39161.0,38
3010,Van Zandt,48467.0,47
3011,Vance,37181.0,35
3012,Vanderburgh,18163.0,16
3013,Vega Alta,72143.0,42
3014,Vega Baja,72145.0,42
3015,Venango,42121.0,41
3016,Ventura,6111.0,5
3017,Vermilion,22113.0,20
3018,Vermilion,17183.0,15
3019,Vermillion,18165.0,16
3020,Vernon,55123.0,54
3021,Vernon,29217.0,27
3022,Vernon,22115.0,20
3023,Victoria,48469.0,47
3024,Vieques,72147.0,42
3025,Vigo,18167.0,16
3026,Vilas,55125.0,54
3027,Villalba,72149.0,42
3028,Vinton,39163.0,38
3029,Virginia Beach city,51810.0,51
3030,Volusia,12127.0,10
3031,Wabash,18169.0,16
3032,Wabash,17185.0,15
3033,Wabasha,27157.0,25
3034,Wabaunsee,20197.0,18
3035,Wadena,27159.0,25
3036,Wagoner,40145.0,39
3037,Wahkiakum,53069.0,52
3038,Wake,37183.0,35
3039,Wakulla,12129.0,10
3040,Waldo,23027.0,21
3041,Walker,48471.0,47
3042,Walker,13295.0,11
3043,Walker,1127.0,0
3044,Walla Walla,53071.0,52
3045,Wallace,20199.0,18
3046,Waller,48473.0,47
3047,Wallowa,41063.0,40
3048,Walsh,38099.0,36
3049,Walthall,28147.0,26
3050,Walton,13297.0,11
3051,Walton,12131.0,10
3052,Walworth,55127.0,54
3053,Walworth,46129.0,45
3054,Wapello,19179.0,17
3055,Ward,38101.0,36
3056,Ward,48475.0,47
3057,Ware,13299.0,11
3058,Warren,36113.0,34
3059,Warren,17187.0,15
3060,Warren,28149.0,26
3061,Warren,51187.0,51
3062,Warren,19181.0,17
3063,Warren,18171.0,16
3064,Warren,29219.0,27
3065,Warren,13301.0,11
3066,Warren,21227.0,19
3067,Warren,34041.0,32
3068,Warren,42123.0,41
3069,Warren,47177.0,46
3070,Warren,39165.0,38
3071,Warren,37185.0,35
3072,Warrick,18173.0,16
3073,Wasatch,49051.0,48
3074,Wasco,41065.0,40
3075,Waseca,27161.0,25
3076,Washakie,56043.0,55
3077,Washburn,55129.0,54
3078,Washington,5143.0,4
3079,Washington,20201.0,18
3080,Washington,21229.0,19
3081,Washington,22117.0,20
3082,Washington,47179.0,46
3083,Washington,36115.0,34
3084,Washington,39167.0,38
3085,Washington,29221.0,27
3086,Washington,40147.0,39
3087,Washington,48477.0,47
3088,Washington,24043.0,22
3089,Washington,1129.0,0
3090,Washington,18175.0,16
3091,Washington,19183.0,17
3092,Washington,50023.0,49
3093,Washington,23029.0,21
3094,Washington,17189.0,15
3095,Washington,49053.0,48
3096,Washington,42125.0,41
3097,Washington,16087.0,14
3098,Washington,41067.0,40
3099,Washington,28151.0,26
3100,Washington,31177.0,29
3101,Washington,44009.0,43
3102,Washington,51191.0,51
3103,Washington,12133.0,10
3104,Washington,55131.0,54
3105,Washington,37187.0,35
3106,Washington,27163.0,25
3107,Washington,13303.0,11
3108,Washington,8121.0,6
3109,Washita,40149.0,39
3110,Washoe,32031.0,30
3111,Washtenaw,26161.0,24
3112,Watauga,37189.0,35
3113,Watonwan,27165.0,25
3114,Waukesha,55133.0,54
3115,Waupaca,55135.0,54
3116,Waushara,55137.0,54
3117,Wayne,28153.0,26
3118,Wayne,49055.0,48
3119,Wayne,29223.0,27
3120,Wayne,54099.0,53
3121,Wayne,18177.0,16
3122,Wayne,37191.0,35
3123,Wayne,21231.0,19
3124,Wayne,39169.0,38
3125,Wayne,19185.0,17
3126,Wayne,31179.0,29
3127,Wayne,42127.0,41
3128,Wayne,26163.0,24
3129,Wayne,13305.0,11
3130,Wayne,47181.0,46
3131,Wayne,36117.0,34
3132,Wayne,17191.0,15
3133,Waynesboro city,51820.0,51
3134,Weakley,47183.0,46
3135,Webb,48479.0,47
3136,Weber,49057.0,48
3137,Webster,19187.0,17
3138,Webster,29225.0,27
3139,Webster,54101.0,53
3140,Webster,28155.0,26
3141,Webster,13307.0,11
3142,Webster,31181.0,29
3143,Webster,21233.0,19
3144,Webster,22119.0,20
3145,Weld,8123.0,6
3146,Wells,18179.0,16
3147,Wells,38103.0,36
3148,West Baton Rouge,22121.0,20
3149,West Carroll,22123.0,20
3150,West Feliciana,22125.0,20
3151,Westchester,36119.0,34
3152,Westmoreland,42129.0,41
3153,Westmoreland,51193.0,51
3154,Weston,56045.0,55
3155,Wetzel,54103.0,53
3156,Wexford,26165.0,24
3157,Wharton,48481.0,47
3158,Whatcom,53073.0,52
3159,Wheatland,30107.0,28
3160,Wheeler,31183.0,29
3161,Wheeler,48483.0,47
3162,Wheeler,13309.0,11
3163,Wheeler,41069.0,40
3164,White,18181.0,16
3165,White,5145.0,4
3166,White,17193.0,15
3167,White,13311.0,11
3168,White,47185.0,46
3169,White Pine,32033.0,30
3170,Whiteside,17195.0,15
3171,Whitfield,13313.0,11
3172,Whitley,18183.0,16
3173,Whitley,21235.0,19
3174,Whitman,53075.0,52
3175,Wibaux,30109.0,28
3176,Wichita,48485.0,47
3177,Wichita,20203.0,18
3178,Wicomico,24045.0,22
3179,Wilbarger,48487.0,47
3180,Wilcox,1131.0,0
3181,Wilcox,13315.0,11
3182,Wilkes,13317.0,11
3183,Wilkes,37193.0,35
3184,Wilkin,27167.0,25
3185,Wilkinson,13319.0,11
3186,Wilkinson,28157.0,26
3187,Will,17197.0,15
3188,Willacy,48489.0,47
3189,Williams,39171.0,38
3190,Williams,38105.0,36
3191,Williamsburg,45089.0,44
3192,Williamsburg city,51830.0,51
3193,Williamson,17199.0,15
3194,Williamson,48491.0,47
3195,Williamson,47187.0,46
3196,Wilson,37195.0,35
3197,Wilson,47189.0,46
3198,Wilson,48493.0,47
3199,Wilson,20205.0,18
3200,Winchester city,51840.0,51
3201,Windham,50025.0,49
3202,Windham,9015.0,7
3203,Windsor,50027.0,49
3204,Winkler,48495.0,47
3205,Winn,22127.0,20
3206,Winnebago,19189.0,17
3207,Winnebago,55139.0,54
3208,Winnebago,17201.0,15
3209,Winneshiek,19191.0,17
3210,Winona,27169.0,25
3211,Winston,28159.0,26
3212,Winston,1133.0,0
3213,Wirt,54105.0,53
3214,Wise,51195.0,51
3215,Wise,48497.0,47
3216,Wolfe,21237.0,19
3217,Wood,48499.0,47
3218,Wood,39173.0,38
3219,Wood,54107.0,53
3220,Wood,55141.0,54
3221,Woodbury,19193.0,17
3222,Woodford,21239.0,19
3223,Woodford,17203.0,15
3224,Woodruff,5147.0,4
3225,Woods,40151.0,39
3226,Woodson,20207.0,18
3227,Woodward,40153.0,39
3228,Worcester,24047.0,22
3229,Worcester,25027.0,23
3230,Worth,13321.0,11
3231,Worth,19195.0,17
3232,Worth,29227.0,27
3233,Wrangell City and Borough,2275.0,1
3234,Wright,27171.0,25
3235,Wright,19197.0,17
3236,Wright,29229.0,27
3237,Wyandot,39175.0,38
3238,Wyandotte,20209.0,18
3239,Wyoming,36121.0,34
3240,Wyoming,54109.0,53
3241,Wyoming,42131.0,41
3242,Wythe,51197.0,51
3243,Yabucoa,72151.0,42
3244,Yadkin,37197.0,35
3245,Yakima,53077.0,52
3246,Yakutat plus Hoonah-Angoon,2998.0,1
3247,Yalobusha,28161.0,26
3248,Yamhill,41071.0,40
3249,Yancey,37199.0,35
3250,Yankton,46135.0,45
3251,Yates,36123.0,34
3252,Yauco,72153.0,42
3253,Yavapai,4025.0,3
3254,Yazoo,28163.0,26
3255,Yell,5149.0,4
3256,Yellow Medicine,27173.0,25
3257,Yellowstone,30111.0,28
3258,Yoakum,48501.0,47
3259,Yolo,6113.0,5
3260,York,31185.0,29
3261,York,42133.0,41
3262,York,51199.0,51
3263,York,23031.0,21
3264,York,45091.0,44
3265,Young,48503.0,47
3266,Yuba,6115.0,5
3267,Yukon-Koyukuk Census Area,2290.0,1
3268,Yuma,8125.0,6
3269,Yuma,4027.0,3
3270,Zapata,48505.0,47
3271,Zavala,48507.0,47
3272,Ziebach,46137.0,45
